uid,Session,AppID,DevID,DevEui,Time,FPort,FCnt,Frequency,Modulation,Bandwidth,SpreadingFactor,Bitrate,CodingRate,GatewayId,GatewayEui,AntennaIndex,GatewayTime,GatewayTimestamp,FineTimestamp,FineTimestampEncrypted,FineTimestampEncryptedKeyId,ChannelIndex,Rssi,SignalRssi,Snr,GatewayLatitude,GatewayLongitude,GatewayAltitude,GatewayLocationAccuracy,GatewayLocationSource,Latitude,Longitude,Altitude,AccuracyMeters,Satellites,Hdop,AccuracySource,Experiment,UserId,UserAgent,
1340,2022-08-30T22:24:41Z,watermeasurement,endnode2,70B3D57ED00504B1,1661898315793000000,1,3,922400000,LORA,125000,7,null,4/5,7276ff002e0507da,null,0,315964800374000000,1521399292,null,W0JANWFmNmE0NQ==
,0,5,-100,-102,1,16.1184,108.274,812,0,SOURCE_REGISTRY,16.0711,108.247,15.7367,4.7,null,null,network,DUTtest04072022test8,597ef83a-7b4e-422a-9019-0be164bdb6db,
1341,2022-08-30T22:24:41Z,watermeasurement,endnode2,70B3D57ED00504B1,1661898326835000000,1,null,922600000,LORA,125000,7,null,4/5,7276ff002e0507da,null,0,315964800425000000,1532450052,null,W0JANWE1MDQyNw==
,0,6,-94,-95,8,16.1184,108.274,812,0,SOURCE_REGISTRY,16.0712,108.247,13.4469,7.25805,null,null,gps,DUTtest04072022test8,597ef83a-7b4e-422a-9019-0be164bdb6db,
1342,2022-08-30T22:24:41Z,watermeasurement,endnode2,70B3D57ED00504B1,1661898359681000000,1,2,922200000,LORA,125000,7,null,4/5,7276ff002e0507da,null,0,315964801261000000,1565286035,194876697,W0JAODlkMzE2ZQ==
,0,4,-89,-89,11,16.1184,108.274,812,0,SOURCE_REGISTRY,16.0714,108.247,11.1605,4.7,null,null,gps,DUTtest04072022test8,597ef83a-7b4e-422a-9019-0be164bdb6db,
1343,2022-08-30T22:24:41Z,watermeasurement,endnode2,70B3D57ED00504B1,1661898398848000000,1,3,922400000,LORA,125000,7,null,4/5,7276ff002e0507da,null,0,315964800441000000,1604465468,776472021,W0JAZmFkODg5Yw==
,0,5,-91,-92,11,16.1184,108.274,812,0,SOURCE_REGISTRY,16.0716,108.247,9.25648,3,null,null,gps,DUTtest04072022test8,597ef83a-7b4e-422a-9019-0be164bdb6db,
1344,2022-08-30T22:24:41Z,watermeasurement,endnode2,70B3D57ED00504B1,1661898516541000000,1,2,922200000,LORA,125000,7,null,4/5,7276ff002e0507da,null,0,315964800154000000,1722178491,null,W0JANmFkMzc5MQ==
,0,4,-87,-87,15,16.1184,108.274,812,0,SOURCE_REGISTRY,16.072,108.247,8.01013,4.7,null,null,gps,DUTtest04072022test8,597ef83a-7b4e-422a-9019-0be164bdb6db,
1345,2022-08-30T22:24:41Z,watermeasurement,endnode2,70B3D57ED00504B1,1661898522741000000,1,3,922400000,LORA,125000,7,null,4/5,7276ff002e0507da,null,0,315964800324000000,1728348548,null,W0JAOWQ1MDZmNg==
,0,5,-87,-87,11,16.1184,108.274,812,0,SOURCE_REGISTRY,16.072,108.247,8.01013,4.7,null,null,gps,DUTtest04072022test8,597ef83a-7b4e-422a-9019-0be164bdb6db,
1346,2022-08-30T22:24:41Z,watermeasurement,endnode2,70B3D57ED00504B1,1661898528940000000,1,4,922600000,LORA,125000,7,null,4/5,7276ff002e0507da,null,0,315964800494000000,1734518756,833946713,W0JAMTYxMzIzZA==
,0,6,-92,-93,8,16.1184,108.274,812,0,SOURCE_REGISTRY,16.072,108.247,8.01013,4.53976,null,null,gps,DUTtest04072022test8,597ef83a-7b4e-422a-9019-0be164bdb6db,
1347,2022-08-30T22:24:41Z,watermeasurement,endnode2,70B3D57ED00504B1,1661898536815000000,1,null,922200000,LORA,125000,7,null,4/5,7276ff002e0507da,null,0,315964800411000000,1742435763,null,W0JANzk5ZGVi
,0,4,-86,-86,12,16.1184,108.274,812,0,SOURCE_REGISTRY,16.072,108.247,8.01013,3,null,null,gps,DUTtest04072022test8,597ef83a-7b4e-422a-9019-0be164bdb6db,
1348,2022-08-30T22:24:41Z,watermeasurement,endnode2,70B3D57ED00504B1,1661898542903000000,1,1,922400000,LORA,125000,7,null,4/5,danangdrt,null,0,1661898542581000000,1975567516,null,null,null,5,-117,null,-3.8,16.0573,108.229,17,0,SOURCE_REGISTRY,16.072,108.247,6.92697,3,null,null,gps,DUTtest04072022test8,597ef83a-7b4e-422a-9019-0be164bdb6db,
1349,2022-08-30T22:24:41Z,watermeasurement,endnode2,70B3D57ED00504B1,1661898542903000000,1,1,922400000,LORA,125000,7,null,4/5,7276ff002e0507da,null,0,315964800581000000,1748605652,null,W0JAYTgwNzQ4
,0,5,-100,-102,2,16.1184,108.274,812,0,SOURCE_REGISTRY,16.072,108.247,6.92697,3,null,null,gps,DUTtest04072022test8,597ef83a-7b4e-422a-9019-0be164bdb6db,
1350,2022-08-30T22:24:41Z,watermeasurement,endnode2,70B3D57ED00504B1,1661898553785000000,1,null,922400000,LORA,125000,7,null,4/5,7276ff002e0507da,null,0,315964800358000000,1759382492,null,W0JAMzczMzllMQ==
,0,5,-92,-92,8,16.1184,108.274,812,0,SOURCE_REGISTRY,16.0722,108.247,3.07023,4.24951,null,null,gps,DUTtest04072022test8,597ef83a-7b4e-422a-9019-0be164bdb6db,
1351,2022-08-30T22:24:41Z,watermeasurement,endnode2,70B3D57ED00504B1,1661898582728000000,1,2,922200000,LORA,125000,7,null,4/5,danangdrt,null,0,1661898582405000000,2015391507,null,null,null,4,-118,null,-5.5,16.0573,108.229,17,0,SOURCE_REGISTRY,16.0725,108.247,-4.04119,3,null,null,gps,DUTtest04072022test8,597ef83a-7b4e-422a-9019-0be164bdb6db,
1352,2022-08-30T22:24:41Z,watermeasurement,endnode2,70B3D57ED00504B1,1661898588990000000,1,3,922400000,LORA,125000,7,null,4/5,7276ff002e0507da,null,0,315964800575000000,1794599660,null,W0JAMTUyMmRjNw==
,0,5,-95,-96,6,16.1184,108.274,812,0,SOURCE_REGISTRY,16.0726,108.247,-4.35287,3,null,null,gps,DUTtest04072022test8,597ef83a-7b4e-422a-9019-0be164bdb6db,
1353,2022-08-30T22:24:41Z,watermeasurement,endnode2,70B3D57ED00504B1,1661898596065000000,1,4,922600000,LORA,125000,7,null,4/5,7276ff002e0507da,null,0,315964800681000000,1801706188,133308417,W0JAOGRhNGZmNA==
,0,6,-99,-100,3,16.1184,108.274,812,0,SOURCE_REGISTRY,16.0727,108.247,-5.27261,4.77413,null,null,gps,DUTtest04072022test8,597ef83a-7b4e-422a-9019-0be164bdb6db,
1354,2022-08-30T22:24:41Z,watermeasurement,endnode2,70B3D57ED00504B1,1661898616389000000,1,7,922000000,LORA,125000,7,null,4/5,danangdrt,null,0,1661898616065000000,2049051387,null,null,null,3,-111,null,-1,16.0573,108.229,17,0,SOURCE_REGISTRY,16.0729,108.247,-6.14517,4.01456,null,null,gps,DUTtest04072022test8,597ef83a-7b4e-422a-9019-0be164bdb6db,
1355,2022-08-30T22:24:41Z,watermeasurement,endnode2,70B3D57ED00504B1,1661898616389000000,1,7,922000000,LORA,125000,7,null,4/5,7276ff002e0507da,null,0,315964800065000000,1822089467,null,W0JANDA4OTMxZA==
,0,3,-101,-107,-4,16.1184,108.274,812,0,SOURCE_REGISTRY,16.0729,108.247,-6.14517,4.01456,null,null,gps,DUTtest04072022test8,597ef83a-7b4e-422a-9019-0be164bdb6db,
1356,2022-08-30T22:24:41Z,watermeasurement,endnode2,70B3D57ED00504B1,1661898636774000000,1,10,922200000,LORA,125000,7,null,4/5,danangdrt,null,0,1661898636451000000,2069437411,null,null,null,4,-115,null,-1.8,16.0573,108.229,17,0,SOURCE_REGISTRY,16.0731,108.247,-5.29577,3.47741,null,null,gps,DUTtest04072022test8,597ef83a-7b4e-422a-9019-0be164bdb6db,
1357,2022-08-30T22:24:41Z,watermeasurement,endnode2,70B3D57ED00504B1,1661898636774000000,1,10,922200000,LORA,125000,7,null,4/5,7276ff002e0507da,null,0,315964800451000000,1842475483,null,W0JAOWU3YTk5Mg==
,0,4,-92,-93,9,16.1184,108.274,812,0,SOURCE_REGISTRY,16.0731,108.247,-5.29577,3.47741,null,null,gps,DUTtest04072022test8,597ef83a-7b4e-422a-9019-0be164bdb6db,
1358,2022-08-30T22:24:41Z,watermeasurement,endnode2,70B3D57ED00504B1,1661898643083000000,1,11,922400000,LORA,125000,7,null,4/5,7276ff002e0507da,null,0,315964800621000000,1848645748,null,W0JANjM5ZGY2Mw==
,0,5,-98,-99,4,16.1184,108.274,812,0,SOURCE_REGISTRY,16.0732,108.247,-6.30941,3,null,null,gps,DUTtest04072022test8,597ef83a-7b4e-422a-9019-0be164bdb6db,
1359,2022-08-30T22:24:41Z,watermeasurement,endnode2,70B3D57ED00504B1,1661898649189000000,1,12,922600000,LORA,125000,7,null,4/5,7276ff002e0507da,null,0,315964800791000000,1854816028,null,W0JANGEwNDQxOQ==
,0,6,-99,-101,1,16.1184,108.274,812,0,SOURCE_REGISTRY,16.0732,108.247,-6.21395,3.6299,null,null,gps,DUTtest04072022test8,597ef83a-7b4e-422a-9019-0be164bdb6db,
1360,2022-08-30T22:24:41Z,watermeasurement,endnode2,70B3D57ED00504B1,1661898669576000000,1,2,922200000,LORA,125000,7,null,4/5,7276ff002e0507da,null,0,315964800198000000,1875222219,null,W0JAMTUyY2NkZQ==
,0,4,-99,-100,4,16.1184,108.274,812,0,SOURCE_REGISTRY,16.0722,108.245,48.6,104.1,null,null,network,DUTtest04072022test8,597ef83a-7b4e-422a-9019-0be164bdb6db,
1361,2022-08-30T22:24:41Z,watermeasurement,endnode2,70B3D57ED00504B1,1661898671132000000,1,null,922600000,LORA,125000,7,null,4/5,7276ff002e0507da,null,0,315964800731000000,1876755316,null,W0JAYzYxMGViZg==
,0,6,-101,-107,-4,16.1184,108.274,812,0,SOURCE_REGISTRY,16.0734,108.247,-6.03167,3,null,null,gps,DUTtest04072022test8,597ef83a-7b4e-422a-9019-0be164bdb6db,
1362,2022-08-30T22:24:41Z,watermeasurement,endnode2,70B3D57ED00504B1,1661898697120000000,1,2,922000000,LORA,125000,7,null,4/5,7276ff002e0507da,null,0,315964800736000000,1902760859,null,W0JAZThiYTk4Yw==
,0,3,-97,-99,5,16.1184,108.274,812,0,SOURCE_REGISTRY,16.0736,108.247,-5.76126,3,null,null,gps,DUTtest04072022test8,597ef83a-7b4e-422a-9019-0be164bdb6db,
1363,2022-08-30T22:24:41Z,watermeasurement,endnode2,70B3D57ED00504B1,1661898715149000000,1,null,922200000,LORA,125000,7,null,4/5,7276ff002e0507da,null,0,315964800731000000,1920755707,null,null,null,4,-99,null,6.8,16.1184,108.274,812,0,SOURCE_REGISTRY,16.0738,108.247,-5.55659,3.49525,null,null,gps,DUTtest04072022test8,597ef83a-7b4e-422a-9019-0be164bdb6db,
1364,2022-08-30T22:24:41Z,watermeasurement,endnode2,70B3D57ED00504B1,1661898762219000000,1,2,922200000,LORA,125000,7,null,4/5,7276ff002e0507da,null,0,315964800779000000,1967803819,null,W0JAMWJhZDhlYQ==
,0,4,-97,-100,null,16.1184,108.274,812,0,SOURCE_REGISTRY,16.0743,108.247,-5.7602,3,null,null,gps,DUTtest04072022test8,597ef83a-7b4e-422a-9019-0be164bdb6db,
1365,2022-08-30T22:24:41Z,watermeasurement,endnode2,70B3D57ED00504B1,1661898768345000000,1,3,922400000,LORA,125000,7,null,4/5,7276ff002e0507da,null,0,315964801949000000,1973973860,null,W0JAODBmZDI3OA==
,0,5,-92,-93,8,16.1184,108.274,812,0,SOURCE_REGISTRY,16.0744,108.247,-5.77681,3,null,null,gps,DUTtest04072022test8,597ef83a-7b4e-422a-9019-0be164bdb6db,
1366,2022-08-30T22:24:41Z,watermeasurement,endnode2,70B3D57ED00504B1,1661898774546000000,1,4,922600000,LORA,125000,7,null,4/5,7276ff002e0507da,null,0,315964800119000000,1980144116,null,W0JAMWFkNWQ1MQ==
,0,6,-102,-108,-4,16.1184,108.274,812,0,SOURCE_REGISTRY,16.0744,108.247,-6.21865,3,null,null,gps,DUTtest04072022test8,597ef83a-7b4e-422a-9019-0be164bdb6db,
1367,2022-08-30T22:24:41Z,watermeasurement,endnode2,70B3D57ED00504B1,1661898793387000000,1,1,922200000,LORA,125000,7,null,4/5,7276ff002e0507da,null,0,315964800980000000,1999004659,null,W0JANmU1OTliNg==
,0,4,-100,-103,null,16.1184,108.274,812,0,SOURCE_REGISTRY,16.0747,108.247,-6.37225,3,null,null,gps,DUTtest04072022test8,597ef83a-7b4e-422a-9019-0be164bdb6db,
1368,2022-08-30T22:24:41Z,watermeasurement,endnode2,70B3D57ED00504B1,1661898813715000000,1,null,922400000,LORA,125000,7,null,4/5,7276ff002e0507da,null,0,315964800331000000,2019355332,null,W0JAZDVjMTZiNw==
,0,5,-100,-103,null,16.1184,108.274,812,0,SOURCE_REGISTRY,16.0749,108.247,-6.72434,3.28052,null,null,gps,DUTtest04072022test8,597ef83a-7b4e-422a-9019-0be164bdb6db,
1369,2022-08-30T22:24:41Z,watermeasurement,endnode2,70B3D57ED00504B1,1661898859955000000,1,2,922200000,LORA,125000,7,null,4/5,7276ff002e0507da,null,0,315964800534000000,2065558387,null,W0JAMjE5N2Q4ZA==
,0,4,-102,-107,-3,16.1184,108.274,812,0,SOURCE_REGISTRY,16.0755,108.247,-3.0523,3,null,null,gps,DUTtest04072022test8,597ef83a-7b4e-422a-9019-0be164bdb6db,
1370,2022-08-30T22:24:41Z,watermeasurement,endnode2,70B3D57ED00504B1,1661898863061000000,1,null,922400000,LORA,125000,7,null,4/5,7276ff002e0507da,null,0,315964800649000000,2068673764,null,W0JAMTI5OWI0Mg==
,0,5,-100,-103,null,16.1184,108.274,812,0,SOURCE_REGISTRY,16.0755,108.247,-3.11294,3,null,null,gps,DUTtest04072022test8,597ef83a-7b4e-422a-9019-0be164bdb6db,
1371,2022-08-30T22:24:41Z,watermeasurement,endnode2,70B3D57ED00504B1,1661898889642000000,1,2,922200000,LORA,125000,7,null,4/5,7276ff002e0507da,null,0,315964800217000000,2095241483,722236430,W0JAOTE2Nzg5MA==
,0,4,-96,-98,3,16.1184,108.274,812,0,SOURCE_REGISTRY,16.0697,108.246,-5,135.6,null,null,network,DUTtest04072022test8,597ef83a-7b4e-422a-9019-0be164bdb6db,
1372,2022-08-30T22:24:41Z,watermeasurement,endnode2,70B3D57ED00504B1,1661898899810000000,1,null,922000000,LORA,125000,7,null,4/5,7276ff002e0507da,null,0,315964800371000000,2105395019,null,W0JANmFkNjU4OQ==
,0,3,-99,-101,2,16.1184,108.274,812,0,SOURCE_REGISTRY,16.0759,108.247,-3.86955,3,null,null,gps,DUTtest04072022test8,597ef83a-7b4e-422a-9019-0be164bdb6db,
1373,2022-08-30T22:24:41Z,watermeasurement,endnode2,70B3D57ED00504B1,1661898920198000000,1,3,922200000,LORA,125000,7,null,4/5,7276ff002e0507da,null,0,315964801753000000,2125777699,null,W0JAZGJhMjk4ZQ==
,0,4,-96,-97,5,16.1184,108.274,812,0,SOURCE_REGISTRY,16.0761,108.247,-2.84815,3,null,null,gps,DUTtest04072022test8,597ef83a-7b4e-422a-9019-0be164bdb6db,
1374,2022-08-30T22:24:41Z,watermeasurement,endnode2,70B3D57ED00504B1,1661898934290000000,1,5,922600000,LORA,125000,7,null,4/5,danangdrt,null,0,1661898933966000000,2366952852,null,null,null,6,-117,null,-4.5,16.0573,108.229,17,0,SOURCE_REGISTRY,16.0763,108.247,-2.5908,3,null,null,gps,DUTtest04072022test8,597ef83a-7b4e-422a-9019-0be164bdb6db,
1375,2022-08-30T22:24:41Z,watermeasurement,endnode2,70B3D57ED00504B1,1661898934290000000,1,5,922600000,LORA,125000,7,null,4/5,7276ff002e06029f,null,0,1661898932966000000,2164051419,null,W0JAMmMxMjVhZg==
,0,18,-99,-109,-9,16.0755,108.223,90,0,SOURCE_REGISTRY,16.0763,108.247,-2.5908,3,null,null,gps,DUTtest04072022test8,597ef83a-7b4e-422a-9019-0be164bdb6db,
1376,2022-08-30T22:24:41Z,watermeasurement,endnode2,70B3D57ED00504B1,1661898934290000000,1,5,922600000,LORA,125000,7,null,4/5,7276ff002e0507da,null,0,315964800966000000,2139990708,null,W0JAYTEyOGRiYw==
,0,6,-99,-102,1,16.1184,108.274,812,0,SOURCE_REGISTRY,16.0763,108.247,-2.5908,3,null,null,gps,DUTtest04072022test8,597ef83a-7b4e-422a-9019-0be164bdb6db,
1377,2022-08-30T22:24:41Z,watermeasurement,endnode2,70B3D57ED00504B1,1661898954674000000,1,8,922000000,LORA,125000,7,null,4/5,danangdrt,null,0,1661898954352000000,2387338699,null,null,null,3,-114,null,-2,16.0573,108.229,17,0,SOURCE_REGISTRY,16.0765,108.247,-2.86709,3,null,null,gps,DUTtest04072022test8,597ef83a-7b4e-422a-9019-0be164bdb6db,
1378,2022-08-30T22:24:41Z,watermeasurement,endnode2,70B3D57ED00504B1,1661898954674000000,1,8,922000000,LORA,125000,7,null,4/5,7276ff002e06029f,null,0,1661898953352000000,2184437260,null,W0JAN2IzNTA5YQ==
,0,7,-99,-105,-4,16.0755,108.223,90,0,SOURCE_REGISTRY,16.0765,108.247,-2.86709,3,null,null,gps,DUTtest04072022test8,597ef83a-7b4e-422a-9019-0be164bdb6db,
1379,2022-08-30T22:24:41Z,watermeasurement,endnode2,70B3D57ED00504B1,1661898954674000000,1,8,922000000,LORA,125000,7,null,4/5,7276ff002e0507da,null,0,315964800352000000,2160376547,null,null,null,3,-102,null,1.5,16.1184,108.274,812,0,SOURCE_REGISTRY,16.0765,108.247,-2.86709,3,null,null,gps,DUTtest04072022test8,597ef83a-7b4e-422a-9019-0be164bdb6db,
1380,2022-08-30T22:24:41Z,watermeasurement,endnode2,70B3D57ED00504B1,1661898975063000000,1,11,922200000,LORA,125000,7,null,4/5,danangdrt,null,0,1661898974735000000,2407722019,null,null,null,4,-117,null,-3.8,16.0573,108.229,17,0,SOURCE_REGISTRY,16.0767,108.247,-3.49237,3,null,null,gps,DUTtest04072022test8,597ef83a-7b4e-422a-9019-0be164bdb6db,
1381,2022-08-30T22:24:41Z,watermeasurement,endnode2,70B3D57ED00504B1,1661898975063000000,1,11,922200000,LORA,125000,7,null,4/5,7276ff002e0507da,null,0,315964800735000000,2180759851,null,W0JAYjA0NmRjYg==
,0,4,-92,-92,10,16.1184,108.274,812,0,SOURCE_REGISTRY,16.0767,108.247,-3.49237,3,null,null,gps,DUTtest04072022test8,597ef83a-7b4e-422a-9019-0be164bdb6db,
1382,2022-08-30T22:24:41Z,watermeasurement,endnode2,70B3D57ED00504B1,1661898981326000000,1,12,922400000,LORA,125000,7,null,4/5,7276ff002e0507da,null,0,315964800906000000,2186929996,182832235,W0JANThjOWE4
,0,5,-93,-93,9,16.1184,108.274,812,0,SOURCE_REGISTRY,16.0768,108.247,-2.87137,3,null,null,gps,DUTtest04072022test8,597ef83a-7b4e-422a-9019-0be164bdb6db,
1383,2022-08-30T22:24:41Z,watermeasurement,endnode2,70B3D57ED00504B1,1661898987519000000,1,13,922600000,LORA,125000,7,null,4/5,7276ff002e0507da,null,0,315964800076000000,2193100220,null,W0JAMzJmM2NjMQ==
,0,6,-93,-96,1,16.1184,108.274,812,0,SOURCE_REGISTRY,16.0768,108.247,-3.28165,3,null,null,gps,DUTtest04072022test8,597ef83a-7b4e-422a-9019-0be164bdb6db,
1384,2022-08-30T22:24:41Z,watermeasurement,endnode2,70B3D57ED00504B1,1661899007842000000,1,16,922000000,LORA,125000,7,null,4/5,7276ff002e0507da,null,0,315964801459000000,2213483483,null,W0JAZGU1ZGM2Ng==
,0,3,-100,-103,null,16.1184,108.274,812,0,SOURCE_REGISTRY,16.0769,108.247,-3.99,3.42559,null,null,gps,DUTtest04072022test8,597ef83a-7b4e-422a-9019-0be164bdb6db,
1385,2022-08-30T22:24:41Z,watermeasurement,endnode2,70B3D57ED00504B1,1661899028236000000,1,19,922200000,LORA,125000,7,null,4/5,7276ff002e0507da,null,0,315964800842000000,2233866843,null,W0JAMjQ0ZDg1NA==
,0,4,-99,-101,1,16.1184,108.274,812,0,SOURCE_REGISTRY,16.0772,108.247,-3.02386,3.55072,null,null,gps,DUTtest04072022test8,597ef83a-7b4e-422a-9019-0be164bdb6db,
1386,2022-08-30T22:24:41Z,watermeasurement,endnode2,70B3D57ED00504B1,1661899034421000000,1,null,922600000,LORA,125000,7,null,4/5,danangdrt,null,0,1661899034095000000,2467081516,null,null,null,6,-118,null,-6.5,16.0573,108.229,17,0,SOURCE_REGISTRY,16.0772,108.247,-3.31749,3,null,null,gps,DUTtest04072022test8,597ef83a-7b4e-422a-9019-0be164bdb6db,
1387,2022-08-30T22:24:41Z,watermeasurement,endnode2,70B3D57ED00504B1,1661899034421000000,1,null,922600000,LORA,125000,7,null,4/5,7276ff002e0507da,null,0,315964800095000000,2240119308,null,W0JANjMxZTNmZA==
,0,6,-95,-96,4,16.1184,108.274,812,0,SOURCE_REGISTRY,16.0772,108.247,-3.31749,3,null,null,gps,DUTtest04072022test8,597ef83a-7b4e-422a-9019-0be164bdb6db,
1388,2022-08-30T22:24:41Z,watermeasurement,endnode2,70B3D57ED00504B1,1661899044655000000,1,1,922000000,LORA,125000,7,null,4/5,danangdrt,null,0,1661899044331000000,2477317451,null,null,null,3,-117,null,-3.5,16.0573,108.229,17,0,SOURCE_REGISTRY,16.0773,108.247,-3.89244,3,null,null,gps,DUTtest04072022test8,597ef83a-7b4e-422a-9019-0be164bdb6db,
1389,2022-08-30T22:24:41Z,watermeasurement,endnode2,70B3D57ED00504B1,1661899047893000000,1,null,922200000,LORA,125000,7,null,4/5,7276ff002e0507da,null,0,315964801460000000,2253484459,732894679,W0JAOTYzNThmMg==
,0,4,-101,-103,null,16.1184,108.274,812,0,SOURCE_REGISTRY,16.0774,108.247,-3.81365,3,null,null,gps,DUTtest04072022test8,597ef83a-7b4e-422a-9019-0be164bdb6db,
1390,2022-08-30T22:24:41Z,watermeasurement,endnode2,70B3D57ED00504B1,1661899068237000000,1,2,922200000,LORA,125000,7,null,4/5,trungnam,null,0,1661899036357000000,3979340843,null,null,null,4,-115,null,-1,16.1089,108.128,2,0,SOURCE_REGISTRY,16.0776,108.248,-4.70686,3,null,null,gps,DUTtest04072022test8,597ef83a-7b4e-422a-9019-0be164bdb6db,
1391,2022-08-30T22:24:41Z,watermeasurement,endnode2,70B3D57ED00504B1,1661899068237000000,1,2,922200000,LORA,125000,7,null,4/5,7276ff002e0507da,null,0,315964800923000000,2273947731,535086398,W0JAZTQxMjVjMA==
,0,4,-101,-103,null,16.1184,108.274,812,0,SOURCE_REGISTRY,16.0776,108.248,-4.70686,3,null,null,gps,DUTtest04072022test8,597ef83a-7b4e-422a-9019-0be164bdb6db,
1392,2022-08-30T22:24:41Z,watermeasurement,endnode2,70B3D57ED00504B1,1661899074407000000,1,3,922400000,LORA,125000,7,null,4/5,trungnam,null,0,1661899042532000000,3985510964,null,null,null,5,-119,null,-4,16.1089,108.128,2,0,SOURCE_REGISTRY,16.0776,108.248,-4.45476,3,null,null,gps,DUTtest04072022test8,597ef83a-7b4e-422a-9019-0be164bdb6db,
1393,2022-08-30T22:24:41Z,watermeasurement,endnode2,70B3D57ED00504B1,1661899074407000000,1,3,922400000,LORA,125000,7,null,4/5,7276ff002e0507da,null,0,315964800093000000,2280117852,null,W0JAZGJkYzJmOQ==
,0,5,-100,-104,null,16.1184,108.274,812,0,SOURCE_REGISTRY,16.0776,108.248,-4.45476,3,null,null,gps,DUTtest04072022test8,597ef83a-7b4e-422a-9019-0be164bdb6db,
1394,2022-08-30T22:24:41Z,watermeasurement,endnode2,70B3D57ED00504B1,1661899080672000000,1,4,922600000,LORA,125000,7,null,4/5,7276ff002e0507da,null,0,315964800264000000,2286288132,null,W0JAY2ExMjNl
,0,22,-100,-103,-1,16.1184,108.274,812,0,SOURCE_REGISTRY,16.0777,108.248,-4.55295,3,null,null,gps,DUTtest04072022test8,597ef83a-7b4e-422a-9019-0be164bdb6db,
1395,2022-08-30T22:24:41Z,watermeasurement,endnode2,70B3D57ED00504B1,1661899080672000000,1,4,922600000,LORA,125000,7,null,4/5,7276ff002e06029f,null,0,1661899079264000000,2310348859,100477953,W0JAMThjZDg5Zg==
,0,18,-98,-108,-9,16.0755,108.223,90,0,SOURCE_REGISTRY,16.0777,108.248,-4.55295,3,null,null,gps,DUTtest04072022test8,597ef83a-7b4e-422a-9019-0be164bdb6db,
1396,2022-08-30T22:24:41Z,watermeasurement,endnode2,70B3D57ED00504B1,1661899101077000000,1,7,922000000,LORA,125000,7,null,4/5,7276ff002e06029f,null,0,1661899099647000000,2330732060,null,W0JAY2YyZGRlYw==
,0,7,-102,-112,-9,16.0755,108.223,90,0,SOURCE_REGISTRY,16.078,108.248,-5.58724,3,null,null,gps,DUTtest04072022test8,597ef83a-7b4e-422a-9019-0be164bdb6db,
1397,2022-08-30T22:24:41Z,watermeasurement,endnode2,70B3D57ED00504B1,1661899121347000000,1,10,922200000,LORA,125000,7,null,4/5,trungnam,null,0,1661899089472000000,4032450387,null,null,null,4,-116,null,-2.3,16.1089,108.128,2,0,SOURCE_REGISTRY,16.0782,108.248,-5.93481,3,null,null,gps,DUTtest04072022test8,597ef83a-7b4e-422a-9019-0be164bdb6db,
1398,2022-08-30T22:24:41Z,watermeasurement,endnode2,70B3D57ED00504B1,1661899121347000000,1,10,922200000,LORA,125000,7,null,4/5,7276ff002e0507da,null,0,315964800033000000,2327057251,null,W0JAMzhlOTViNQ==
,0,4,-100,-104,-1,16.1184,108.274,812,0,SOURCE_REGISTRY,16.0782,108.248,-5.93481,3,null,null,gps,DUTtest04072022test8,597ef83a-7b4e-422a-9019-0be164bdb6db,
1399,2022-08-30T22:24:41Z,watermeasurement,endnode2,70B3D57ED00504B1,1661899133155000000,1,1,922000000,LORA,125000,7,null,4/5,danangdrt,null,0,1661899132831000000,2565817147,null,null,null,3,-118,null,-5.5,16.0573,108.229,17,0,SOURCE_REGISTRY,16.0783,108.248,-4.40292,3,null,null,gps,DUTtest04072022test8,597ef83a-7b4e-422a-9019-0be164bdb6db,
1400,2022-08-30T22:24:41Z,watermeasurement,endnode2,70B3D57ED00504B1,1661899133155000000,1,1,922000000,LORA,125000,7,null,4/5,7276ff002e0507da,null,0,315964800831000000,2338854859,151081983,W0JANWYwNWZiYg==
,0,3,-85,-85,12,16.1184,108.274,812,0,SOURCE_REGISTRY,16.0783,108.248,-4.40292,3,null,null,gps,DUTtest04072022test8,597ef83a-7b4e-422a-9019-0be164bdb6db,
1401,2022-08-30T22:24:41Z,watermeasurement,endnode2,70B3D57ED00504B1,1661899137677000000,1,null,922600000,LORA,125000,7,null,4/5,7276ff002e0507da,null,0,315964800281000000,2343305604,null,W0JAZTk0MmIxNg==
,0,6,-86,-86,12,16.1184,108.274,812,0,SOURCE_REGISTRY,16.0783,108.248,-4.28771,3,null,null,gps,DUTtest04072022test8,597ef83a-7b4e-422a-9019-0be164bdb6db,
1402,2022-08-30T22:24:41Z,watermeasurement,endnode2,70B3D57ED00504B1,1661899157980000000,1,3,922000000,LORA,125000,7,null,4/5,trungnam,null,0,1661899126168000000,4069081363,null,null,null,3,-111,null,-1.3,16.1089,108.128,2,0,SOURCE_REGISTRY,16.0783,108.248,-4.17318,3,null,null,gps,DUTtest04072022test8,597ef83a-7b4e-422a-9019-0be164bdb6db,
1403,2022-08-30T22:24:41Z,watermeasurement,endnode2,70B3D57ED00504B1,1661899157980000000,1,3,922000000,LORA,125000,7,null,4/5,7276ff002e0507da,null,0,315964800664000000,2363688203,null,W0JAOWU4N2ZhYQ==
,0,3,-87,-87,11,16.1184,108.274,812,0,SOURCE_REGISTRY,16.0783,108.248,-4.17318,3,null,null,gps,DUTtest04072022test8,597ef83a-7b4e-422a-9019-0be164bdb6db,
1404,2022-08-30T22:24:41Z,watermeasurement,endnode2,70B3D57ED00504B1,1661899204099000000,1,2,922200000,LORA,125000,7,null,4/5,7276ff002e0507da,null,0,315964800676000000,2409700267,null,W0JAMjI1MDdiZQ==
,0,4,-100,-103,null,16.1184,108.274,812,0,SOURCE_REGISTRY,16.0787,108.248,-4.87189,3,null,null,gps,DUTtest04072022test8,597ef83a-7b4e-422a-9019-0be164bdb6db,
1405,2022-08-30T22:24:41Z,watermeasurement,endnode2,70B3D57ED00504B1,1661899210297000000,1,3,922400000,LORA,125000,7,null,4/5,7276ff002e0507da,null,0,315964800846000000,2415870252,null,W0JAZDE0NjAxZg==
,0,5,-98,-100,3,16.1184,108.274,812,0,SOURCE_REGISTRY,16.0788,108.248,-4.94575,3,null,null,gps,DUTtest04072022test8,597ef83a-7b4e-422a-9019-0be164bdb6db,
1406,2022-08-30T22:24:41Z,watermeasurement,endnode2,70B3D57ED00504B1,1661899216419000000,1,4,922600000,LORA,125000,7,null,4/5,7276ff002e0507da,null,0,315964802016000000,2422040412,856065423,W0JAZGYwOGY2Yw==
,0,6,-95,-97,4,16.1184,108.274,812,0,SOURCE_REGISTRY,16.0789,108.248,-4.94234,3,null,null,gps,DUTtest04072022test8,597ef83a-7b4e-422a-9019-0be164bdb6db,
1407,2022-08-30T22:24:41Z,watermeasurement,endnode2,70B3D57ED00504B1,1661899236814000000,1,7,922000000,LORA,125000,7,null,4/5,7276ff002e0507da,null,0,315964800399000000,2442423531,null,W0JANGE4MjkzNQ==
,0,3,-104,-111,-6,16.1184,108.274,812,0,SOURCE_REGISTRY,16.0791,108.248,-4.48598,3,null,null,gps,DUTtest04072022test8,597ef83a-7b4e-422a-9019-0be164bdb6db,
1408,2022-08-30T22:24:41Z,watermeasurement,endnode2,70B3D57ED00504B1,1661899257200000000,1,10,922200000,LORA,125000,7,null,4/5,7276ff002e0507da,null,0,315964800785000000,2462809523,null,W0JANmE4NTA5Ng==
,0,4,-100,-102,2,16.1184,108.274,812,0,SOURCE_REGISTRY,16.0794,108.248,-4.35092,3,null,null,gps,DUTtest04072022test8,597ef83a-7b4e-422a-9019-0be164bdb6db,
1409,2022-08-30T22:24:41Z,watermeasurement,endnode2,70B3D57ED00504B1,1661899263336000000,1,11,922400000,LORA,125000,7,null,4/5,7276ff002e0507da,null,0,315964800956000000,2468979756,null,W0JAODNjMzQxNw==
,0,5,-101,-104,null,16.1184,108.274,812,0,SOURCE_REGISTRY,16.0794,108.248,-3.65012,3,null,null,gps,DUTtest04072022test8,597ef83a-7b4e-422a-9019-0be164bdb6db,
1410,2022-08-30T22:24:41Z,watermeasurement,endnode2,70B3D57ED00504B1,1661899266504000000,1,null,922200000,LORA,125000,7,null,4/5,7276ff002e0507da,null,0,315964800080000000,2472103787,null,null,null,4,-105,null,0.5,16.1184,108.274,812,0,SOURCE_REGISTRY,16.0795,108.248,-3.44732,3,null,null,gps,DUTtest04072022test8,597ef83a-7b4e-422a-9019-0be164bdb6db,
1411,2022-08-30T22:24:41Z,watermeasurement,endnode2,70B3D57ED00504B1,1661899272640000000,1,1,922400000,LORA,125000,7,null,4/5,7276ff002e0507da,null,0,315964800249000000,2478273580,null,W0JAYTRiNjAwNA==
,0,5,-101,-106,-3,16.1184,108.274,812,0,SOURCE_REGISTRY,16.0795,108.248,-3.68715,3,null,null,gps,DUTtest04072022test8,597ef83a-7b4e-422a-9019-0be164bdb6db,
1412,2022-08-30T22:24:41Z,watermeasurement,endnode2,70B3D57ED00504B1,1661899299255000000,1,2,922200000,LORA,125000,7,null,4/5,7276ff002e0507da,null,0,315964800870000000,2504893947,null,W0JANzE0OWVk
,0,4,-98,-101,1,16.1184,108.274,812,0,SOURCE_REGISTRY,16.0799,108.248,-5.31104,3,null,null,gps,DUTtest04072022test8,597ef83a-7b4e-422a-9019-0be164bdb6db,
1413,2022-08-30T22:24:41Z,watermeasurement,endnode2,70B3D57ED00504B1,1661899305444000000,1,3,922400000,LORA,125000,7,null,4/5,7276ff002e0507da,null,0,315964800040000000,2511064012,756763626,W0JAZjEwZTAyMg==
,0,5,-99,-101,2,16.1184,108.274,812,0,SOURCE_REGISTRY,16.0799,108.248,-5.09335,3,null,null,gps,DUTtest04072022test8,597ef83a-7b4e-422a-9019-0be164bdb6db,
1414,2022-08-30T22:24:41Z,watermeasurement,endnode2,70B3D57ED00504B1,1661899341649000000,1,2,922200000,LORA,125000,7,null,4/5,7276ff002e0507da,null,0,315964800242000000,2547266571,null,W0JAMjIwNzg3MA==
,0,4,-103,-108,-3,16.1184,108.274,812,0,SOURCE_REGISTRY,16.0803,108.248,-2.66538,3,null,null,gps,DUTtest04072022test8,597ef83a-7b4e-422a-9019-0be164bdb6db,
1415,2022-08-30T22:24:41Z,watermeasurement,endnode2,70B3D57ED00504B1,1661899347844000000,1,3,922400000,LORA,125000,7,null,4/5,7276ff002e0507da,null,0,315964800413000000,2553436628,null,W0JAMzI1OTdlOQ==
,0,5,-98,-100,2,16.1184,108.274,812,0,SOURCE_REGISTRY,16.0804,108.248,-2.27497,3,null,null,gps,DUTtest04072022test8,597ef83a-7b4e-422a-9019-0be164bdb6db,
1416,2022-08-30T22:24:41Z,watermeasurement,endnode2,70B3D57ED00504B1,1661899354909000000,1,4,922600000,LORA,125000,7,null,4/5,7276ff002e0507da,null,0,315964800519000000,2560543124,795967063,W0JAMjgwZGM2ZQ==
,0,6,-96,-97,5,16.1184,108.274,812,0,SOURCE_REGISTRY,16.0805,108.248,-1.12833,3,null,null,gps,DUTtest04072022test8,597ef83a-7b4e-422a-9019-0be164bdb6db,
1417,2022-08-30T22:24:41Z,watermeasurement,endnode2,70B3D57ED00504B1,1661899375326000000,1,7,922000000,LORA,125000,7,null,4/5,7276ff002e0507da,null,0,315964800902000000,2580926339,304639988,W0JAOGVjYWI5Yw==
,0,3,-98,-99,4,16.1184,108.274,812,0,SOURCE_REGISTRY,16.0807,108.248,-2.51124,3,null,null,gps,DUTtest04072022test8,597ef83a-7b4e-422a-9019-0be164bdb6db,
1418,2022-08-30T22:24:41Z,watermeasurement,endnode2,70B3D57ED00504B1,1661899395683000000,1,10,922200000,LORA,125000,7,null,4/5,7276ff002e0507da,null,0,315964800288000000,2601312307,null,W0JAY2UyNTE3YQ==
,0,4,-100,-102,2,16.1184,108.274,812,0,SOURCE_REGISTRY,16.0809,108.248,-3.75247,3,null,null,gps,DUTtest04072022test8,597ef83a-7b4e-422a-9019-0be164bdb6db,
1419,2022-08-30T22:24:41Z,watermeasurement,endnode2,70B3D57ED00504B1,1661899402820000000,1,11,922400000,LORA,125000,7,null,4/5,7276ff002e0507da,null,0,315964800395000000,2608418812,null,W0JAZjhjMGQyYg==
,0,5,-99,-102,1,16.1184,108.274,812,0,SOURCE_REGISTRY,16.081,108.248,-3.64168,3,null,null,gps,DUTtest04072022test8,597ef83a-7b4e-422a-9019-0be164bdb6db,
1420,2022-08-30T22:24:41Z,watermeasurement,endnode2,70B3D57ED00504B1,1661899408951000000,1,12,922600000,LORA,125000,7,null,4/5,7276ff002e0507da,null,0,315964800565000000,2614588948,null,W0JANGU2ZTU4OA==
,0,6,-99,-101,1,16.1184,108.274,812,0,SOURCE_REGISTRY,16.0811,108.248,-3.79754,3,null,null,gps,DUTtest04072022test8,597ef83a-7b4e-422a-9019-0be164bdb6db,
1421,2022-08-30T22:24:41Z,watermeasurement,endnode2,70B3D57ED00504B1,1661899410567000000,1,null,922400000,LORA,125000,7,null,4/5,7276ff002e0507da,null,0,315964800127000000,2616151308,null,W0JAZjZmNWIyMQ==
,0,21,-100,-104,-1,16.1184,108.274,812,0,SOURCE_REGISTRY,16.0811,108.248,-3.87764,3,null,null,gps,DUTtest04072022test8,597ef83a-7b4e-422a-9019-0be164bdb6db,
1422,2022-08-30T22:24:41Z,watermeasurement,endnode2,70B3D57ED00504B1,1661899416692000000,1,1,922600000,LORA,125000,7,null,4/5,7276ff002e0507da,null,0,315964800297000000,2622321188,null,W0JAY2I0MGI0Ng==
,0,6,-100,-104,-1,16.1184,108.274,812,0,SOURCE_REGISTRY,16.0812,108.248,-4.1683,3,null,null,gps,DUTtest04072022test8,597ef83a-7b4e-422a-9019-0be164bdb6db,
1423,2022-08-30T22:24:41Z,watermeasurement,endnode2,70B3D57ED00504B1,1661899458586000000,1,2,922200000,LORA,125000,7,null,4/5,7276ff002e0507da,null,0,315964800173000000,2664196843,793730437,W0JAMjgwMTRkYQ==
,0,4,-83,-83,13,16.1184,108.274,812,0,SOURCE_REGISTRY,16.0814,108.248,-5.27786,3,null,null,gps,DUTtest04072022test8,597ef83a-7b4e-422a-9019-0be164bdb6db,
1424,2022-08-30T22:24:41Z,watermeasurement,endnode2,70B3D57ED00504B1,1661899464784000000,1,3,922400000,LORA,125000,7,null,4/5,7276ff002e0507da,null,0,315964800343000000,2670366884,null,W0JAMjg5NmUwNg==
,0,5,-83,-83,15,16.1184,108.274,812,0,SOURCE_REGISTRY,16.0814,108.248,-5.27786,3,null,null,gps,DUTtest04072022test8,597ef83a-7b4e-422a-9019-0be164bdb6db,
1425,2022-08-30T22:24:41Z,watermeasurement,endnode2,70B3D57ED00504B1,1661899470910000000,1,4,922600000,LORA,125000,7,null,4/5,7276ff002e0507da,null,0,315964800513000000,2676537092,27707685,W0JAYTBkYWY0YQ==
,0,6,-83,-83,15,16.1184,108.274,812,0,SOURCE_REGISTRY,16.0814,108.248,-5.27786,3,null,null,gps,DUTtest04072022test8,597ef83a-7b4e-422a-9019-0be164bdb6db,
1426,2022-08-30T22:24:41Z,watermeasurement,endnode2,70B3D57ED00504B1,1661899478656000000,1,null,922200000,LORA,125000,7,null,4/5,7276ff002e0507da,null,0,315964800247000000,2684270875,null,W0JANzg1ZWJi
,0,4,-81,-81,15,16.1184,108.274,812,0,SOURCE_REGISTRY,16.0814,108.248,-5.34558,3.48194,null,null,gps,DUTtest04072022test8,597ef83a-7b4e-422a-9019-0be164bdb6db,
1427,2022-08-30T22:24:41Z,watermeasurement,endnode2,70B3D57ED00504B1,1661899494402000000,1,2,922200000,LORA,125000,7,null,4/5,7276ff002e0507da,null,0,315964800973000000,2699996947,null,W0JANjhkNmYzMQ==
,0,4,-91,-92,9,16.1184,108.274,812,0,SOURCE_REGISTRY,16.0814,108.248,-4.06303,3,null,null,gps,DUTtest04072022test8,597ef83a-7b4e-422a-9019-0be164bdb6db,
1428,2022-08-30T22:24:41Z,watermeasurement,endnode2,70B3D57ED00504B1,1661899495863000000,1,null,922400000,LORA,125000,7,null,4/5,danangdrt,null,0,1661899495536000000,2928522340,null,null,null,5,-119,null,-5.8,16.0573,108.229,17,0,SOURCE_REGISTRY,16.0814,108.248,-4.06303,3,null,null,gps,DUTtest04072022test8,597ef83a-7b4e-422a-9019-0be164bdb6db,
1429,2022-08-30T22:24:41Z,watermeasurement,endnode2,70B3D57ED00504B1,1661899495863000000,1,null,922400000,LORA,125000,7,null,4/5,7276ff002e0507da,null,0,315964801536000000,2701559796,null,W0JAMmU3MzFlZQ==
,0,5,-94,-95,4,16.1184,108.274,812,0,SOURCE_REGISTRY,16.0814,108.248,-4.06303,3,null,null,gps,DUTtest04072022test8,597ef83a-7b4e-422a-9019-0be164bdb6db,
1430,2022-08-30T22:24:41Z,watermeasurement,endnode2,70B3D57ED00504B1,1661899532729000000,1,1,922200000,LORA,125000,7,null,4/5,7276ff002e0507da,null,0,315964800346000000,2738369803,null,W0JAMWI1NjFkMA==
,0,4,-93,-94,10,16.1184,108.274,812,0,SOURCE_REGISTRY,16.0814,108.248,-4.06303,3,null,null,gps,DUTtest04072022test8,597ef83a-7b4e-422a-9019-0be164bdb6db,
1431,2022-08-30T22:24:41Z,watermeasurement,endnode2,70B3D57ED00504B1,1661899559447000000,1,null,922000000,LORA,125000,7,null,4/5,7276ff002e0507da,null,0,315964801037000000,2765061155,null,W0JANWZlYmMwYg==
,0,3,-100,-103,null,16.1184,108.274,812,0,SOURCE_REGISTRY,16.0815,108.248,-3.48717,3,null,null,gps,DUTtest04072022test8,597ef83a-7b4e-422a-9019-0be164bdb6db,
1432,2022-08-30T22:24:41Z,watermeasurement,endnode2,70B3D57ED00504B1,1661899601171000000,1,1,922200000,LORA,125000,7,null,4/5,7276ff002e0507da,null,0,315964800791000000,2806815339,null,W0JANjQzOWFlOA==
,0,4,-98,-100,2,16.1184,108.274,812,0,SOURCE_REGISTRY,16.082,108.248,-4.42779,3,null,null,gps,DUTtest04072022test8,597ef83a-7b4e-422a-9019-0be164bdb6db,
1433,2022-08-30T22:24:41Z,watermeasurement,endnode2,70B3D57ED00504B1,1661899614498000000,1,3,922600000,LORA,125000,7,null,4/5,7276ff002e0507da,null,0,315964800068000000,2820091788,null,null,null,6,-97,null,0.8,16.1184,108.274,812,0,SOURCE_REGISTRY,16.0822,108.248,-4.1,3,null,null,gps,DUTtest04072022test8,597ef83a-7b4e-422a-9019-0be164bdb6db,
1434,2022-08-30T22:24:41Z,watermeasurement,endnode2,70B3D57ED00504B1,1661899633344000000,1,2,922200000,LORA,125000,7,null,4/5,7276ff002e0507da,null,0,315964800951000000,2838974523,null,W0JANzk2MmZhNg==
,0,4,-100,-105,-2,16.1184,108.274,812,0,SOURCE_REGISTRY,16.0825,108.248,-4.41208,3,null,null,gps,DUTtest04072022test8,597ef83a-7b4e-422a-9019-0be164bdb6db,
1435,2022-08-30T22:24:41Z,watermeasurement,endnode2,70B3D57ED00504B1,1661899658245000000,1,null,922600000,LORA,125000,7,null,4/5,7276ff002e0507da,null,0,315964800843000000,2863866492,393481653,W0JAZGRiMGRlNw==
,0,6,-101,-106,-2,16.1184,108.274,812,0,SOURCE_REGISTRY,16.0828,108.248,-4.47312,3,null,null,gps,DUTtest04072022test8,597ef83a-7b4e-422a-9019-0be164bdb6db,
1436,2022-08-30T22:24:41Z,watermeasurement,endnode2,70B3D57ED00504B1,1661899704219000000,1,3,922400000,LORA,125000,7,null,4/5,7276ff002e0507da,null,0,315964801791000000,2909814740,null,W0JAMzNmYzAzZA==
,0,5,-103,-109,-5,16.1184,108.274,812,0,SOURCE_REGISTRY,16.0834,108.249,-5.09389,3,null,null,gps,DUTtest04072022test8,597ef83a-7b4e-422a-9019-0be164bdb6db,
1437,2022-08-30T22:24:41Z,watermeasurement,endnode2,70B3D57ED00504B1,1661899711286000000,1,4,922600000,LORA,125000,7,null,4/5,7276ff002e0507da,null,0,315964800897000000,2916921260,null,W0JAYWU1YTAzMg==
,0,6,-101,-109,-6,16.1184,108.274,812,0,SOURCE_REGISTRY,16.0835,108.249,-4.86489,3,null,null,gps,DUTtest04072022test8,597ef83a-7b4e-422a-9019-0be164bdb6db,
1438,2022-08-30T22:24:41Z,watermeasurement,endnode2,70B3D57ED00504B1,1661899737269000000,1,3,922400000,LORA,125000,7,null,4/5,7276ff002e0507da,null,0,315964800860000000,2942884268,null,W0JAMjBjZGYwMA==
,0,5,-103,-111,-7,16.1184,108.274,812,0,SOURCE_REGISTRY,16.0838,108.249,-5.30293,3,null,null,gps,DUTtest04072022test8,597ef83a-7b4e-422a-9019-0be164bdb6db,
1439,2022-08-30T22:24:41Z,watermeasurement,endnode2,70B3D57ED00504B1,1661899758147000000,1,2,922200000,LORA,125000,7,null,4/5,7276ff002e0507da,null,0,315964800719000000,2963742571,631524128,W0JANTZkMjMzOQ==
,0,4,-103,-108,-3,16.1184,108.274,812,0,SOURCE_REGISTRY,16.0841,108.249,-6.01442,3,null,null,gps,DUTtest04072022test8,597ef83a-7b4e-422a-9019-0be164bdb6db,
1440,2022-08-30T22:24:41Z,watermeasurement,endnode2,70B3D57ED00504B1,1661899764274000000,1,3,922400000,LORA,125000,7,null,4/5,7276ff002e0507da,null,0,315964800889000000,2969912636,null,W0JANzQ5OGQ3ZQ==
,0,5,-102,-107,-3,16.1184,108.274,812,0,SOURCE_REGISTRY,16.0842,108.249,-6.28453,3,null,null,gps,DUTtest04072022test8,597ef83a-7b4e-422a-9019-0be164bdb6db,
1441,2022-08-30T22:24:41Z,watermeasurement,endnode2,70B3D57ED00504B1,1661899770472000000,1,4,922600000,LORA,125000,7,null,4/5,7276ff002e0507da,null,0,315964801059000000,2976082884,658928483,W0JAZTFkMmRm
,0,6,-101,-106,-2,16.1184,108.274,812,0,SOURCE_REGISTRY,16.0843,108.249,-7.67183,3,null,null,gps,DUTtest04072022test8,597ef83a-7b4e-422a-9019-0be164bdb6db,
1442,2022-08-30T22:24:41Z,watermeasurement,endnode2,70B3D57ED00504B1,1661899788850000000,1,2,922200000,LORA,125000,7,null,4/5,7276ff002e0507da,null,0,315964800401000000,2994425139,null,W0JAODczYjlmNQ==
,0,4,-99,-102,1,16.1184,108.274,812,0,SOURCE_REGISTRY,16.0845,108.249,-8.0275,3,null,null,gps,DUTtest04072022test8,597ef83a-7b4e-422a-9019-0be164bdb6db,
1443,2022-08-30T22:24:41Z,watermeasurement,endnode2,70B3D57ED00504B1,1661899794972000000,1,3,922400000,LORA,125000,7,null,4/5,7276ff002e0507da,null,0,315964800571000000,3000595156,null,W0JANDZkMDM4YQ==
,0,5,-98,-100,1,16.1184,108.274,812,0,SOURCE_REGISTRY,16.0846,108.249,-7.89088,3,null,null,gps,DUTtest04072022test8,597ef83a-7b4e-422a-9019-0be164bdb6db,
1444,2022-08-30T22:24:41Z,watermeasurement,endnode2,70B3D57ED00504B1,1661899802110000000,1,4,922600000,LORA,125000,7,null,4/5,7276ff002e0507da,null,0,315964800678000000,3007701668,537609019,W0JAM2FiZGZi
,0,6,-101,-104,null,16.1184,108.274,812,0,SOURCE_REGISTRY,16.0847,108.249,-7.58504,3,null,null,gps,DUTtest04072022test8,597ef83a-7b4e-422a-9019-0be164bdb6db,
1445,2022-08-30T22:24:41Z,watermeasurement,endnode2,70B3D57ED00504B1,1661899817048000000,1,1,922200000,LORA,125000,7,null,4/5,7276ff002e0507da,null,0,315964800661000000,3022684915,null,W0JAYTA3OGUxOA==
,0,4,-103,-110,-6,16.1184,108.274,812,0,SOURCE_REGISTRY,16.0849,108.249,-7.08344,3,null,null,gps,DUTtest04072022test8,597ef83a-7b4e-422a-9019-0be164bdb6db,
1446,2022-08-30T22:24:41Z,watermeasurement,endnode2,70B3D57ED00504B1,1661899823241000000,1,2,922400000,LORA,125000,7,null,4/5,7276ff002e0507da,null,0,315964800831000000,3028854980,null,W0JAMTEzMDA3MQ==
,0,5,-102,-109,-6,16.1184,108.274,812,0,SOURCE_REGISTRY,16.085,108.249,-6.9846,3,null,null,gps,DUTtest04072022test8,597ef83a-7b4e-422a-9019-0be164bdb6db,
1447,2022-08-30T22:24:41Z,watermeasurement,endnode2,70B3D57ED00504B1,1661899829437000000,1,3,922600000,LORA,125000,7,null,4/5,7276ff002e0507da,null,0,315964801001000000,3035025028,null,W0JANzlmY2U1Ng==
,0,6,-100,-104,null,16.1184,108.274,812,0,SOURCE_REGISTRY,16.0851,108.249,-6.56822,3,null,null,gps,DUTtest04072022test8,597ef83a-7b4e-422a-9019-0be164bdb6db,
1448,2022-08-30T22:24:41Z,watermeasurement,endnode2,70B3D57ED00504B1,1661899834417000000,1,null,922200000,LORA,125000,7,null,4/5,7276ff002e0507da,null,0,315964800982000000,3040006131,14924388,W0JAYzZkM2VkNw==
,0,4,-102,-107,-3,16.1184,108.274,812,0,SOURCE_REGISTRY,16.0851,108.249,-6.67344,3,null,null,gps,DUTtest04072022test8,597ef83a-7b4e-422a-9019-0be164bdb6db,
1449,2022-08-30T22:24:41Z,watermeasurement,endnode2,70B3D57ED00504B1,1661899875865000000,1,1,922200000,LORA,125000,7,null,4/5,7276ff002e0507da,null,0,315964800421000000,3081445091,null,W0JANjg2MzJhZA==
,0,4,-102,-107,-4,16.1184,108.274,812,0,SOURCE_REGISTRY,16.0857,108.249,-8.19861,3,null,null,gps,DUTtest04072022test8,597ef83a-7b4e-422a-9019-0be164bdb6db,
1450,2022-08-30T22:24:41Z,watermeasurement,endnode2,70B3D57ED00504B1,1661899881988000000,1,2,922400000,LORA,125000,7,null,4/5,7276ff002e0507da,null,0,315964800591000000,3087615140,null,null,null,21,-103,null,-1,16.1184,108.274,812,0,SOURCE_REGISTRY,16.0858,108.249,-7.32893,3,null,null,gps,DUTtest04072022test8,597ef83a-7b4e-422a-9019-0be164bdb6db,
1451,2022-08-30T22:24:41Z,watermeasurement,endnode2,70B3D57ED00504B1,1661899901179000000,1,null,922200000,LORA,125000,7,null,4/5,7276ff002e0507da,null,0,315964800792000000,3106815851,null,W0JAOTYyNzllMg==
,0,20,-100,-103,null,16.1184,108.274,812,0,SOURCE_REGISTRY,16.086,108.249,-6.19007,3,null,null,gps,DUTtest04072022test8,597ef83a-7b4e-422a-9019-0be164bdb6db,
1452,2022-08-30T22:24:41Z,watermeasurement,endnode2,70B3D57ED00504B1,1661899908319000000,1,1,922400000,LORA,125000,7,null,4/5,7276ff002e0507da,null,0,315964800899000000,3113922236,null,W0JANmRjZjE3Mw==
,0,5,-103,-112,-7,16.1184,108.274,812,0,SOURCE_REGISTRY,16.0861,108.249,-5.90367,3,null,null,gps,DUTtest04072022test8,597ef83a-7b4e-422a-9019-0be164bdb6db,
1453,2022-08-30T22:24:41Z,watermeasurement,endnode2,70B3D57ED00504B1,1661899936731000000,1,5,922000000,LORA,125000,7,null,4/5,7276ff002e0507da,null,0,315964800325000000,3142348147,null,W0JAZTgwNGNhOQ==
,0,3,-103,-111,-7,16.1184,108.274,812,0,SOURCE_REGISTRY,16.0865,108.249,-6.95313,3,null,null,gps,DUTtest04072022test8,597ef83a-7b4e-422a-9019-0be164bdb6db,
1454,2022-08-30T22:24:41Z,watermeasurement,endnode2,70B3D57ED00504B1,1661899956843000000,1,2,922200000,LORA,125000,7,null,4/5,7276ff002e0507da,null,0,315964800418000000,3162441459,null,null,null,4,-106,null,-2.2,16.1184,108.274,812,0,SOURCE_REGISTRY,16.0867,108.249,-7.02476,3,null,null,gps,DUTtest04072022test8,597ef83a-7b4e-422a-9019-0be164bdb6db,
1455,2022-08-30T22:24:41Z,watermeasurement,endnode2,70B3D57ED00504B1,1661899970107000000,1,4,922600000,LORA,125000,7,null,4/5,7276ff002e0507da,null,0,315964800694000000,3175717988,null,W0JAOThiMzFjZg==
,0,6,-102,-108,-4,16.1184,108.274,812,0,SOURCE_REGISTRY,16.0869,108.249,-7.83653,3,null,null,gps,DUTtest04072022test8,597ef83a-7b4e-422a-9019-0be164bdb6db,
1456,2022-08-30T22:24:41Z,watermeasurement,endnode2,70B3D57ED00504B1,1661899990631000000,1,1,922200000,LORA,125000,7,null,4/5,7276ff002e0507da,null,0,315964800205000000,3196229051,85603147,W0JAZThiNzc1Yw==
,0,4,-103,-109,-4,16.1184,108.274,812,0,SOURCE_REGISTRY,16.0871,108.25,-7.09783,3,null,null,gps,DUTtest04072022test8,597ef83a-7b4e-422a-9019-0be164bdb6db,
1457,2022-08-30T22:24:41Z,watermeasurement,endnode2,70B3D57ED00504B1,1661900004831000000,1,3,922600000,LORA,125000,7,null,4/5,7276ff002e0507da,null,0,315964800418000000,3210441948,null,null,null,6,-104,null,-1,16.1184,108.274,812,0,SOURCE_REGISTRY,16.0873,108.25,-5.35826,3,null,null,gps,DUTtest04072022test8,597ef83a-7b4e-422a-9019-0be164bdb6db,
1458,2022-08-30T22:24:41Z,watermeasurement,endnode2,70B3D57ED00504B1,1661900030272000000,1,null,922400000,LORA,125000,7,null,4/5,7276ff002e0507da,null,0,315964800885000000,3235908508,null,W0JAMTE1NjMzYQ==
,0,5,-103,-112,-8,16.1184,108.274,812,0,SOURCE_REGISTRY,16.0877,108.25,-2.57536,3,null,null,gps,DUTtest04072022test8,597ef83a-7b4e-422a-9019-0be164bdb6db,
1459,2022-08-30T22:24:41Z,watermeasurement,endnode2,70B3D57ED00504B1,1661900094930000000,1,3,922600000,LORA,125000,7,null,4/5,7276ff002e0507da,null,0,315964800487000000,3300510196,null,null,null,6,-103,null,0.5,16.1184,108.274,812,0,SOURCE_REGISTRY,16.0885,108.25,-4.51171,3,null,null,gps,DUTtest04072022test8,597ef83a-7b4e-422a-9019-0be164bdb6db,
1460,2022-08-30T22:24:41Z,watermeasurement,endnode2,70B3D57ED00504B1,1661900157190000000,1,4,922600000,LORA,125000,7,null,4/5,7276ff002e0507da,null,0,315964800785000000,3362808028,null,W0JAMzUzZTdlMQ==
,0,6,-102,-107,-2,16.1184,108.274,812,0,SOURCE_REGISTRY,16.0893,108.251,-3.97367,3,null,null,gps,DUTtest04072022test8,597ef83a-7b4e-422a-9019-0be164bdb6db,
1461,2022-08-30T22:24:41Z,watermeasurement,endnode2,70B3D57ED00504B1,1661900177582000000,1,7,922000000,LORA,125000,7,null,4/5,7276ff002e0507da,null,0,315964800170000000,3383193851,948936901,W0JANDY2NzkwNg==
,0,3,-103,-108,-3,16.1184,108.274,812,0,SOURCE_REGISTRY,16.0895,108.251,-3.31797,3,null,null,gps,DUTtest04072022test8,597ef83a-7b4e-422a-9019-0be164bdb6db,
1462,2022-08-30T22:24:41Z,watermeasurement,endnode2,70B3D57ED00504B1,1661900206185000000,1,2,922200000,LORA,125000,7,null,4/5,7276ff002e0507da,null,0,315964800771000000,3411794379,null,W0JAMjM0NGUyYw==
,0,4,-84,-84,13,16.1184,108.274,812,0,SOURCE_REGISTRY,16.0871,108.248,-7,122.4,null,null,network,DUTtest04072022test8,597ef83a-7b4e-422a-9019-0be164bdb6db,
1463,2022-08-30T22:24:41Z,watermeasurement,endnode2,70B3D57ED00504B1,1661900212379000000,1,3,922400000,LORA,125000,7,null,4/5,7276ff002e0507da,null,0,315964800941000000,3417964420,null,W0JAMjJlOWU4YQ==
,0,5,-87,-87,11,16.1184,108.274,812,0,SOURCE_REGISTRY,16.0896,108.251,-1.24815,3.89603,null,null,gps,DUTtest04072022test8,597ef83a-7b4e-422a-9019-0be164bdb6db,
1464,2022-08-30T22:24:41Z,watermeasurement,endnode2,70B3D57ED00504B1,1661900218509000000,1,4,922600000,LORA,125000,7,null,4/5,7276ff002e0507da,null,0,315964800111000000,3424134604,null,W0JAYWUzYmNmYg==
,0,6,-87,-87,14,16.1184,108.274,812,0,SOURCE_REGISTRY,16.0896,108.251,-1.24815,3.44705,null,null,gps,DUTtest04072022test8,597ef83a-7b4e-422a-9019-0be164bdb6db,
1465,2022-08-30T22:24:41Z,watermeasurement,endnode2,70B3D57ED00504B1,1661900235400000000,1,null,922000000,LORA,125000,7,null,4/5,7276ff002e0507da,null,0,315964800996000000,3441019195,null,W0JANDQ4ZjA2
,0,3,-100,-102,1,16.1184,108.274,812,0,SOURCE_REGISTRY,16.0896,108.251,-1.82293,3,null,null,gps,DUTtest04072022test8,597ef83a-7b4e-422a-9019-0be164bdb6db,
1466,2022-08-30T22:24:41Z,watermeasurement,endnode2,70B3D57ED00504B1,1661900255787000000,1,3,922200000,LORA,125000,7,null,4/5,7276ff002e0507da,null,0,315964801379000000,3461401947,396569668,W0JAYzBhOTU5Mg==
,0,4,-98,-99,5,16.1184,108.274,812,0,SOURCE_REGISTRY,16.0898,108.251,-4.29634,3,null,null,gps,DUTtest04072022test8,597ef83a-7b4e-422a-9019-0be164bdb6db,
1467,2022-08-30T22:24:41Z,watermeasurement,endnode2,70B3D57ED00504B1,1661900269050000000,1,5,922600000,LORA,125000,7,null,4/5,7276ff002e0507da,null,0,315964800655000000,3474678644,null,W0JAYzkxNDM2MA==
,0,6,-97,-99,3,16.1184,108.274,812,0,SOURCE_REGISTRY,16.0899,108.251,-5.41525,3,null,null,gps,DUTtest04072022test8,597ef83a-7b4e-422a-9019-0be164bdb6db,
1468,2022-08-30T22:24:41Z,watermeasurement,endnode2,70B3D57ED00504B1,1661900289449000000,1,8,922000000,LORA,125000,7,null,4/5,7276ff002e0507da,null,0,315964801039000000,3495061819,null,W0JAOGExMjAxOQ==
,0,3,-99,-101,2,16.1184,108.274,812,0,SOURCE_REGISTRY,16.0901,108.251,-7.04283,3,null,null,gps,DUTtest04072022test8,597ef83a-7b4e-422a-9019-0be164bdb6db,
1469,2022-08-30T22:24:41Z,watermeasurement,endnode2,70B3D57ED00504B1,1661900310778000000,1,11,922200000,LORA,125000,7,null,4/5,7276ff002e0507da,null,0,315964800361000000,3516384091,740887765,W0JAYjg3OGRl
,0,4,-100,-102,1,16.1184,108.274,812,0,SOURCE_REGISTRY,16.0904,108.251,-8.0375,3,null,null,gps,DUTtest04072022test8,597ef83a-7b4e-422a-9019-0be164bdb6db,
1470,2022-08-30T22:24:41Z,watermeasurement,endnode2,70B3D57ED00504B1,1661900316975000000,1,12,922400000,LORA,125000,7,null,4/5,7276ff002e0507da,null,0,315964800531000000,3522554244,null,W0JAZDEzNGFiZg==
,0,21,-102,-107,-3,16.1184,108.274,812,0,SOURCE_REGISTRY,16.0905,108.251,-7.75071,3,null,null,gps,DUTtest04072022test8,597ef83a-7b4e-422a-9019-0be164bdb6db,
1471,2022-08-30T22:24:41Z,watermeasurement,endnode2,70B3D57ED00504B1,1661900323105000000,1,13,922600000,LORA,125000,7,null,4/5,7276ff002e0507da,null,0,315964800701000000,3528724484,null,W0JAYjczNThj
,0,6,-97,-98,4,16.1184,108.274,812,0,SOURCE_REGISTRY,16.0906,108.251,-8.14404,3,null,null,gps,DUTtest04072022test8,597ef83a-7b4e-422a-9019-0be164bdb6db,
1472,2022-08-30T22:24:41Z,watermeasurement,endnode2,70B3D57ED00504B1,1661900364822000000,1,19,922200000,LORA,125000,7,null,4/5,7276ff002e0507da,null,0,315964800404000000,3570427283,299930789,W0JAZmNmNDRlYQ==
,0,4,-100,-104,null,16.1184,108.274,812,0,SOURCE_REGISTRY,16.091,108.251,-5.90785,4.03967,null,null,gps,DUTtest04072022test8,597ef83a-7b4e-422a-9019-0be164bdb6db,
1473,2022-08-30T22:24:41Z,watermeasurement,endnode2,70B3D57ED00504B1,1661900370959000000,1,20,922400000,LORA,125000,7,null,4/5,7276ff002e0507da,null,0,315964800574000000,3576597500,null,W0JAOTNiZDNkYg==
,0,5,-97,-98,6,16.1184,108.274,812,0,SOURCE_REGISTRY,16.0911,108.251,-4.51804,3.51936,null,null,gps,DUTtest04072022test8,597ef83a-7b4e-422a-9019-0be164bdb6db,
1474,2022-08-30T22:24:41Z,watermeasurement,endnode2,70B3D57ED00504B1,1661900419818000000,1,27,922200000,LORA,125000,7,null,4/5,7276ff002e0507da,null,0,315964800386000000,3625409627,null,W0JAMTZkYjk1MQ==
,0,4,-103,-110,-5,16.1184,108.274,812,0,SOURCE_REGISTRY,16.0915,108.252,-4.92551,3,null,null,gps,DUTtest04072022test8,597ef83a-7b4e-422a-9019-0be164bdb6db,
1475,2022-08-30T22:24:41Z,watermeasurement,endnode2,70B3D57ED00504B1,1661900425956000000,1,28,922400000,LORA,125000,7,null,4/5,7276ff002e0507da,null,0,315964800557000000,3631580012,null,W0JAZmQ0YzViNg==
,0,5,-99,-101,2,16.1184,108.274,812,0,SOURCE_REGISTRY,16.0916,108.252,-5.18749,3.4131,null,null,gps,DUTtest04072022test8,597ef83a-7b4e-422a-9019-0be164bdb6db,
1476,2022-08-30T22:24:41Z,watermeasurement,endnode2,70B3D57ED00504B1,1661900432154000000,1,29,922600000,LORA,125000,7,null,4/5,7276ff002e0507da,null,0,315964801727000000,3637750316,null,W0JAMjk5ZDJiNw==
,0,6,-101,-108,-5,16.1184,108.274,812,0,SOURCE_REGISTRY,16.0917,108.252,-5.75239,3,null,null,gps,DUTtest04072022test8,597ef83a-7b4e-422a-9019-0be164bdb6db,
1477,2022-08-30T22:24:41Z,watermeasurement,endnode2,70B3D57ED00504B1,1661900452532000000,1,32,922000000,LORA,125000,7,null,4/5,7276ff002e0507da,null,0,315964800111000000,3658133747,null,W0JAMzgzOTk4ZA==
,0,3,-91,-92,9,16.1184,108.274,812,0,SOURCE_REGISTRY,16.0919,108.252,-5.69573,3,null,null,gps,DUTtest04072022test8,597ef83a-7b4e-422a-9019-0be164bdb6db,
1478,2022-08-30T22:24:41Z,watermeasurement,endnode2,70B3D57ED00504B1,1661900472920000000,1,35,922200000,LORA,125000,7,null,4/5,7276ff002e0507da,null,0,315964800497000000,3678520083,null,W0JAN2RmODc0Mg==
,0,4,-99,-100,4,16.1184,108.274,812,0,SOURCE_REGISTRY,16.0919,108.252,-5.69573,3,null,null,gps,DUTtest04072022test8,597ef83a-7b4e-422a-9019-0be164bdb6db,
1479,2022-08-30T22:24:41Z,watermeasurement,endnode2,70B3D57ED00504B1,1661900479113000000,1,36,922400000,LORA,125000,7,null,4/5,7276ff002e0507da,null,0,315964800667000000,3684690468,null,W0JANDZlZTM1Mw==
,0,5,-90,-90,13,16.1184,108.274,812,0,SOURCE_REGISTRY,16.0919,108.252,-6.34028,3.03772,null,null,gps,DUTtest04072022test8,597ef83a-7b4e-422a-9019-0be164bdb6db,
1480,2022-08-30T22:24:41Z,watermeasurement,endnode2,70B3D57ED00504B1,1661900485242000000,1,37,922600000,LORA,125000,7,null,4/5,7276ff002e0507da,null,0,315964800838000000,3690860820,null,W0JAMWFjNDQ5MA==
,0,6,-89,-89,13,16.1184,108.274,812,0,SOURCE_REGISTRY,16.0919,108.252,-6.45526,3.31615,null,null,gps,DUTtest04072022test8,597ef83a-7b4e-422a-9019-0be164bdb6db,
1481,2022-08-30T22:24:41Z,watermeasurement,endnode2,70B3D57ED00504B1,1661900505631000000,1,40,922000000,LORA,125000,7,null,4/5,7276ff002e0507da,null,0,315964800221000000,3711244395,null,W0JAYTlkNDE4OQ==
,0,3,-88,-89,9,16.1184,108.274,812,0,SOURCE_REGISTRY,16.0919,108.252,-6.16296,3,null,null,gps,DUTtest04072022test8,597ef83a-7b4e-422a-9019-0be164bdb6db,
1482,2022-08-30T22:24:41Z,watermeasurement,endnode2,70B3D57ED00504B1,1661900526023000000,1,43,922200000,LORA,125000,7,null,4/5,7276ff002e0507da,null,0,315964800605000000,3731628067,null,W0JAMjdhNjFhZg==
,0,4,-96,-97,5,16.1184,108.274,812,0,SOURCE_REGISTRY,16.0919,108.252,-8.46724,4.59756,null,null,gps,DUTtest04072022test8,597ef83a-7b4e-422a-9019-0be164bdb6db,
1483,2022-08-30T22:24:41Z,watermeasurement,endnode2,70B3D57ED00504B1,1661900532218000000,1,44,922400000,LORA,125000,7,null,4/5,7276ff002e0507da,null,0,315964800775000000,3737798468,null,W0JANDM5MTliYw==
,0,5,-96,-97,6,16.1184,108.274,812,0,SOURCE_REGISTRY,16.092,108.252,-7.97976,4.7,null,null,gps,DUTtest04072022test8,597ef83a-7b4e-422a-9019-0be164bdb6db,
1484,2022-08-30T22:24:41Z,watermeasurement,endnode2,70B3D57ED00504B1,1661900538346000000,1,45,922600000,LORA,125000,7,null,4/5,7276ff002e0507da,null,0,315964800946000000,3743968844,25243872,W0JANThmNmQ0NQ==
,0,6,-98,-99,4,16.1184,108.274,812,0,SOURCE_REGISTRY,16.0919,108.252,-7.6802,3,null,null,gps,DUTtest04072022test8,597ef83a-7b4e-422a-9019-0be164bdb6db,
1485,2022-08-30T22:24:41Z,watermeasurement,endnode2,70B3D57ED00504B1,1661900558738000000,1,48,922000000,LORA,125000,7,null,4/5,7276ff002e0507da,null,0,315964800329000000,3764352435,null,W0JAOWJhYmM5YQ==
,0,3,-102,-110,-6,16.1184,108.274,812,0,SOURCE_REGISTRY,16.0919,108.252,-7.30624,3,null,null,gps,DUTtest04072022test8,597ef83a-7b4e-422a-9019-0be164bdb6db,
1486,2022-08-30T22:24:41Z,watermeasurement,endnode2,70B3D57ED00504B1,1661900586260000000,1,52,922400000,LORA,125000,7,null,4/5,7276ff002e0507da,null,0,315964800822000000,3791845412,null,W0JANDVjMTVhOA==
,0,5,-93,-93,9,16.1184,108.274,812,0,SOURCE_REGISTRY,16.0919,108.252,-7.38935,3.27185,null,null,gps,DUTtest04072022test8,597ef83a-7b4e-422a-9019-0be164bdb6db,
1487,2022-08-30T22:24:41Z,watermeasurement,endnode2,70B3D57ED00504B1,1661900592391000000,1,53,922600000,LORA,125000,7,null,4/5,7276ff002e0507da,null,0,315964801993000000,3798015812,null,W0JAMWJlOThjMQ==
,0,6,-93,-93,8,16.1184,108.274,812,0,SOURCE_REGISTRY,16.092,108.252,-8.15459,3,null,null,gps,DUTtest04072022test8,597ef83a-7b4e-422a-9019-0be164bdb6db,
1488,2022-08-30T22:24:41Z,watermeasurement,endnode2,70B3D57ED00504B1,1661900612788000000,1,56,922000000,LORA,125000,7,null,4/5,7276ff002e0507da,null,0,315964800376000000,3818399227,573576265,W0JANmY4MDg2Ng==
,0,3,-102,-107,-3,16.1184,108.274,812,0,SOURCE_REGISTRY,16.092,108.252,-8.15459,4.51947,null,null,gps,DUTtest04072022test8,597ef83a-7b4e-422a-9019-0be164bdb6db,
1489,2022-08-30T22:24:41Z,watermeasurement,endnode2,70B3D57ED00504B1,1661900633182000000,1,59,922200000,LORA,125000,7,null,4/5,7276ff002e0507da,null,0,315964800760000000,3838782907,null,W0JAMTMwZTQ1NA==
,0,4,-102,-105,null,16.1184,108.274,812,0,SOURCE_REGISTRY,16.092,108.252,-8.15459,3,null,null,gps,DUTtest04072022test8,597ef83a-7b4e-422a-9019-0be164bdb6db,
1490,2022-08-30T22:24:41Z,watermeasurement,endnode2,70B3D57ED00504B1,1661900639376000000,1,60,922400000,LORA,125000,7,null,4/5,7276ff002e0507da,null,0,315964800930000000,3844953244,null,W0JANDVhZmZmZA==
,0,5,-100,-103,null,16.1184,108.274,812,0,SOURCE_REGISTRY,16.092,108.252,-8.15459,3.44092,null,null,gps,DUTtest04072022test8,597ef83a-7b4e-422a-9019-0be164bdb6db,
1491,2022-08-30T22:24:41Z,watermeasurement,endnode2,70B3D57ED00504B1,1661900666835000000,1,64,922000000,LORA,125000,7,null,4/5,7276ff002e0507da,null,0,315964800423000000,3872446051,null,W0JAZjZjNDRmMg==
,0,3,-97,-98,4,16.1184,108.274,812,0,SOURCE_REGISTRY,16.092,108.252,-8.15459,4.35883,null,null,gps,DUTtest04072022test8,597ef83a-7b4e-422a-9019-0be164bdb6db,
1492,2022-08-30T22:24:41Z,watermeasurement,endnode2,70B3D57ED00504B1,1661900687231000000,1,67,922200000,LORA,125000,7,null,4/5,7276ff002e0507da,null,0,315964800807000000,3892829635,null,W0JAMzQ3NDc0Mw==
,0,4,-95,-96,6,16.1184,108.274,812,0,SOURCE_REGISTRY,16.092,108.252,-8.15459,4.7,null,null,gps,DUTtest04072022test8,597ef83a-7b4e-422a-9019-0be164bdb6db,
1493,2022-08-30T22:24:41Z,watermeasurement,endnode2,70B3D57ED00504B1,1661900693364000000,1,68,922400000,LORA,125000,7,null,4/5,7276ff002e0507da,null,0,315964800977000000,3899000012,null,W0JAYjVjOWVmOQ==
,0,21,-94,-95,7,16.1184,108.274,812,0,SOURCE_REGISTRY,16.092,108.252,-8.15459,4.85519,null,null,gps,DUTtest04072022test8,597ef83a-7b4e-422a-9019-0be164bdb6db,
1494,2022-08-30T22:24:41Z,watermeasurement,endnode2,70B3D57ED00504B1,1661900699557000000,1,69,922600000,LORA,125000,7,null,4/5,7276ff002e0507da,null,0,315964800147000000,3905170308,null,W0JAYzc1YmUzZQ==
,0,6,-92,-92,10,16.1184,108.274,812,0,SOURCE_REGISTRY,16.092,108.252,-8.15459,4.7,null,null,gps,DUTtest04072022test8,597ef83a-7b4e-422a-9019-0be164bdb6db,
1495,2022-08-30T22:24:41Z,watermeasurement,endnode2,70B3D57ED00504B1,1661900719949000000,1,72,922000000,LORA,125000,7,null,4/5,7276ff002e0507da,null,0,315964801531000000,3925553803,null,W0JAZDE0OWY=
,0,3,-101,-105,-1,16.1184,108.274,812,0,SOURCE_REGISTRY,16.0918,108.251,-7.02765,4.04845,null,null,gps,DUTtest04072022test8,597ef83a-7b4e-422a-9019-0be164bdb6db,
1496,2022-08-30T22:24:41Z,watermeasurement,endnode2,70B3D57ED00504B1,1661900740338000000,1,75,922200000,LORA,125000,7,null,4/5,7276ff002e0507da,null,0,315964800914000000,3945937387,92970359,W0JAM2Q0NjllYw==
,0,4,-99,-100,2,16.1184,108.274,812,0,SOURCE_REGISTRY,16.0916,108.251,-4.33458,3.84979,null,null,gps,DUTtest04072022test8,597ef83a-7b4e-422a-9019-0be164bdb6db,
1497,2022-08-30T22:24:41Z,watermeasurement,endnode2,70B3D57ED00504B1,1661900746485000000,1,76,922400000,LORA,125000,7,null,4/5,7276ff002e0507da,null,0,315964801085000000,3952107772,null,W0JAMjNmMzFiNQ==
,0,5,-101,-105,-1,16.1184,108.274,812,0,SOURCE_REGISTRY,16.0916,108.251,-4.19271,4.7,null,null,gps,DUTtest04072022test8,597ef83a-7b4e-422a-9019-0be164bdb6db,
1498,2022-08-30T22:24:41Z,watermeasurement,endnode2,70B3D57ED00504B1,1661900752659000000,1,77,922600000,LORA,125000,7,null,4/5,7276ff002e0507da,null,0,315964800255000000,3958278060,898472828,W0JAMjM4NWJiYg==
,0,6,-100,-103,null,16.1184,108.274,812,0,SOURCE_REGISTRY,16.0916,108.251,-3.35177,4.58615,null,null,gps,DUTtest04072022test8,597ef83a-7b4e-422a-9019-0be164bdb6db,
1499,2022-08-30T22:24:41Z,watermeasurement,endnode2,70B3D57ED00504B1,1661900773061000000,1,80,922000000,LORA,125000,7,null,4/5,7276ff002e0507da,null,0,315964800641000000,3978664099,null,W0JAYjk0MzhkOA==
,0,3,-104,-114,-9,16.1184,108.274,812,0,SOURCE_REGISTRY,16.0915,108.251,-2.6219,3.3361,null,null,gps,DUTtest04072022test8,597ef83a-7b4e-422a-9019-0be164bdb6db,
1500,2022-08-30T22:24:41Z,watermeasurement,endnode2,70B3D57ED00504B1,1661900793451000000,1,83,922200000,LORA,125000,7,null,4/5,7276ff002e0507da,null,0,315964800025000000,3999047571,null,W0JANjdlMzQzMQ==
,0,4,-99,-101,2,16.1184,108.274,812,0,SOURCE_REGISTRY,16.0915,108.251,-2.85353,4.7,null,null,gps,DUTtest04072022test8,597ef83a-7b4e-422a-9019-0be164bdb6db,
1501,2022-08-30T22:24:41Z,watermeasurement,endnode2,70B3D57ED00504B1,1661900799578000000,1,84,922400000,LORA,125000,7,null,4/5,7276ff002e0507da,null,0,315964801195000000,4005217852,null,W0JANjg5NTcxNg==
,0,5,-101,-103,null,16.1184,108.274,812,0,SOURCE_REGISTRY,16.0915,108.251,-2.30606,3.8763,null,null,gps,DUTtest04072022test8,597ef83a-7b4e-422a-9019-0be164bdb6db,
1502,2022-08-30T22:24:41Z,watermeasurement,endnode2,70B3D57ED00504B1,1661900805771000000,1,85,922600000,LORA,125000,7,null,4/5,7276ff002e0507da,null,0,315964800365000000,4011388172,706573041,W0JAMjA2Zjg5Nw==
,0,6,-99,-102,null,16.1184,108.274,812,0,SOURCE_REGISTRY,16.0915,108.251,-2.30606,3.96324,null,null,gps,DUTtest04072022test8,597ef83a-7b4e-422a-9019-0be164bdb6db,
1503,2022-08-30T22:24:41Z,watermeasurement,endnode2,70B3D57ED00504B1,1661900826167000000,1,88,922000000,LORA,125000,7,null,4/5,7276ff002e0507da,null,0,315964800749000000,4031771675,null,W0JAN2QwZTI2ZA==
,0,3,-100,-102,1,16.1184,108.274,812,0,SOURCE_REGISTRY,16.0915,108.251,-2.11085,4.51078,null,null,gps,DUTtest04072022test8,597ef83a-7b4e-422a-9019-0be164bdb6db,
1504,2022-08-30T22:24:41Z,watermeasurement,endnode2,70B3D57ED00504B1,1661900846555000000,1,91,922200000,LORA,125000,7,null,4/5,7276ff002e0507da,null,0,315964800132000000,4052155307,null,W0JANjNiY2VhMg==
,0,4,-100,-102,null,16.1184,108.274,812,0,SOURCE_REGISTRY,16.0914,108.251,-2.42073,3.71089,null,null,gps,DUTtest04072022test8,597ef83a-7b4e-422a-9019-0be164bdb6db,
1505,2022-08-30T22:24:41Z,watermeasurement,endnode2,70B3D57ED00504B1,1661900852696000000,1,92,922400000,LORA,125000,7,null,4/5,7276ff002e0507da,null,0,315964800303000000,4058325668,null,W0JAM2I4ODczMw==
,0,5,-97,-98,5,16.1184,108.274,812,0,SOURCE_REGISTRY,16.0914,108.251,-2.67915,3.52908,null,null,gps,DUTtest04072022test8,597ef83a-7b4e-422a-9019-0be164bdb6db,
1506,2022-08-30T22:24:41Z,watermeasurement,endnode2,70B3D57ED00504B1,1661900858884000000,1,93,922600000,LORA,125000,7,null,4/5,7276ff002e0507da,null,0,315964800473000000,4064495972,null,W0JAMzM1NGFmMA==
,0,6,-93,-94,7,16.1184,108.274,812,0,SOURCE_REGISTRY,16.0914,108.251,-3.18032,3.64111,null,null,gps,DUTtest04072022test8,597ef83a-7b4e-422a-9019-0be164bdb6db,
1507,2022-08-30T22:24:41Z,watermeasurement,endnode2,70B3D57ED00504B1,1661900879283000000,1,96,922000000,LORA,125000,7,null,4/5,7276ff002e0507da,null,0,315964800859000000,4084882123,null,W0JAZmFjMzJlZQ==
,0,3,-93,-93,8,16.1184,108.274,812,0,SOURCE_REGISTRY,16.0914,108.251,-3.18032,3.74965,null,null,gps,DUTtest04072022test8,597ef83a-7b4e-422a-9019-0be164bdb6db,
1508,2022-08-30T22:24:41Z,watermeasurement,endnode2,70B3D57ED00504B1,1661900899675000000,1,99,922200000,LORA,125000,7,null,4/5,7276ff002e0507da,null,0,315964800243000000,4105265803,null,W0JANWVhNjM4Zg==
,0,4,-98,-100,3,16.1184,108.274,812,0,SOURCE_REGISTRY,16.0914,108.251,-3.18032,3,null,null,gps,DUTtest04072022test8,597ef83a-7b4e-422a-9019-0be164bdb6db,
1509,2022-08-30T22:24:41Z,watermeasurement,endnode2,70B3D57ED00504B1,1661900905803000000,1,100,922400000,LORA,125000,7,null,4/5,7276ff002e0507da,null,0,315964800413000000,4111436172,null,W0JAZWJjMjYxYw==
,0,5,-92,-93,10,16.1184,108.274,812,0,SOURCE_REGISTRY,16.0914,108.251,-3.18032,3.35277,null,null,gps,DUTtest04072022test8,597ef83a-7b4e-422a-9019-0be164bdb6db,
1510,2022-08-30T22:24:41Z,watermeasurement,endnode2,70B3D57ED00504B1,1661900911992000000,1,101,922600000,LORA,125000,7,null,4/5,7276ff002e0507da,null,0,315964801584000000,4117606556,886192479,W0JAZjYwZjIyNQ==
,0,6,-92,-93,9,16.1184,108.274,812,0,SOURCE_REGISTRY,16.0914,108.251,-3.18032,3.72762,null,null,gps,DUTtest04072022test8,597ef83a-7b4e-422a-9019-0be164bdb6db,
1511,2022-08-30T22:24:41Z,watermeasurement,endnode2,70B3D57ED00504B1,1661900960788000000,1,108,922400000,LORA,125000,7,null,4/5,7276ff002e0507da,null,0,315964800396000000,4166419172,627714158,W0JAOWIzYTlhYg==
,0,5,-100,-102,1,16.1184,108.274,812,0,SOURCE_REGISTRY,16.091,108.251,-4.78252,3,null,null,gps,DUTtest04072022test8,597ef83a-7b4e-422a-9019-0be164bdb6db,
1512,2022-08-30T22:24:41Z,watermeasurement,endnode2,70B3D57ED00504B1,1661900966984000000,1,109,922600000,LORA,125000,7,null,4/5,7276ff002e0507da,null,0,315964800567000000,4172589516,918910282,W0JANDczODgwOA==
,0,6,-99,-102,null,16.1184,108.274,812,0,SOURCE_REGISTRY,16.091,108.251,-4.69759,4.02538,null,null,gps,DUTtest04072022test8,597ef83a-7b4e-422a-9019-0be164bdb6db,
1513,2022-08-30T22:24:41Z,watermeasurement,endnode2,70B3D57ED00504B1,1661900987387000000,1,112,922000000,LORA,125000,7,null,4/5,7276ff002e0507da,null,0,315964800950000000,4192973003,916238808,W0JANmQzOGJhMQ==
,0,3,-100,-103,1,16.1184,108.274,812,0,SOURCE_REGISTRY,16.0909,108.251,-4.89501,3.20684,null,null,gps,DUTtest04072022test8,597ef83a-7b4e-422a-9019-0be164bdb6db,
1514,2022-08-30T22:24:41Z,watermeasurement,endnode2,70B3D57ED00504B1,1661901007758000000,1,115,922200000,LORA,125000,7,null,4/5,7276ff002e0507da,null,0,315964801334000000,4213356675,null,W0JAODEzNTg3
,0,4,-100,-103,null,16.1184,108.274,812,0,SOURCE_REGISTRY,16.0909,108.251,-4.62565,3,null,null,gps,DUTtest04072022test8,597ef83a-7b4e-422a-9019-0be164bdb6db,
1515,2022-08-30T22:24:41Z,watermeasurement,endnode2,70B3D57ED00504B1,1661901013891000000,1,116,922400000,LORA,125000,7,null,4/5,7276ff002e0507da,null,0,315964800504000000,4219527036,null,W0JAMmJkMWNiNA==
,0,5,-94,-95,8,16.1184,108.274,812,0,SOURCE_REGISTRY,16.0909,108.251,-4.62565,3.02751,null,null,gps,DUTtest04072022test8,597ef83a-7b4e-422a-9019-0be164bdb6db,
1516,2022-08-30T22:24:41Z,watermeasurement,endnode2,70B3D57ED00504B1,1661901020082000000,1,117,922600000,LORA,125000,7,null,4/5,7276ff002e0507da,null,0,315964800675000000,4225697404,null,W0JAN2M0MGRk
,0,6,-89,-90,6,16.1184,108.274,812,0,SOURCE_REGISTRY,16.0909,108.251,-4.62565,3,null,null,gps,DUTtest04072022test8,597ef83a-7b4e-422a-9019-0be164bdb6db,
1517,2022-08-30T22:24:41Z,watermeasurement,endnode2,70B3D57ED00504B1,1661901040489000000,1,120,922000000,LORA,125000,7,null,4/5,7276ff002e0507da,null,0,315964800058000000,4246080955,null,W0JAODk5MjQ1Mg==
,0,3,-99,-101,3,16.1184,108.274,812,0,SOURCE_REGISTRY,16.0909,108.251,-4.62565,3,null,null,gps,DUTtest04072022test8,597ef83a-7b4e-422a-9019-0be164bdb6db,
1518,2022-08-30T22:24:41Z,watermeasurement,endnode2,70B3D57ED00504B1,1661901042039000000,1,null,922200000,LORA,125000,7,null,4/5,7276ff002e0507da,null,0,315964800622000000,4247644931,153928426,W0JAYmIxYTMyMw==
,0,4,-96,-97,6,16.1184,108.274,812,0,SOURCE_REGISTRY,16.0909,108.251,-4.62565,3,null,null,gps,DUTtest04072022test8,597ef83a-7b4e-422a-9019-0be164bdb6db,
1519,2022-08-30T22:24:41Z,watermeasurement,endnode2,70B3D57ED00504B1,1661901072722000000,1,2,922200000,LORA,125000,7,null,4/5,7276ff002e0507da,null,0,315964800292000000,4278314179,null,W0JAZTAxMGRkOQ==
,0,4,-89,-89,12,16.1184,108.274,812,0,SOURCE_REGISTRY,16.0909,108.251,-4.6908,3.16255,null,null,gps,DUTtest04072022test8,597ef83a-7b4e-422a-9019-0be164bdb6db,
1520,2022-08-30T22:24:41Z,watermeasurement,endnode2,70B3D57ED00504B1,1661901078864000000,1,3,922400000,LORA,125000,7,null,4/5,7276ff002e0507da,null,0,315964800462000000,4284484188,null,W0JANzgxMzM5ZQ==
,0,5,-99,-101,2,16.1184,108.274,812,0,SOURCE_REGISTRY,16.0909,108.251,-4.39551,3.09645,null,null,gps,DUTtest04072022test8,597ef83a-7b4e-422a-9019-0be164bdb6db,
1521,2022-08-30T22:24:41Z,watermeasurement,endnode2,70B3D57ED00504B1,1661901085044000000,1,4,922600000,LORA,125000,7,null,4/5,7276ff002e0507da,null,0,315964800632000000,4290654316,406661026,W0JAOWYxNGU3Zg==
,0,6,-100,-103,null,16.1184,108.274,812,0,SOURCE_REGISTRY,16.0909,108.251,-3.68294,4.01648,null,null,gps,DUTtest04072022test8,597ef83a-7b4e-422a-9019-0be164bdb6db,
1522,2022-08-30T22:24:41Z,watermeasurement,endnode2,70B3D57ED00504B1,1661901105643000000,1,2,922200000,LORA,125000,7,null,4/5,7276ff002e0507da,null,0,315964800208000000,16263011,null,W0JAZDliNmU4MQ==
,0,4,-101,-105,-2,16.1184,108.274,812,0,SOURCE_REGISTRY,16.0907,108.25,-3.58026,3.02504,null,null,gps,DUTtest04072022test8,597ef83a-7b4e-422a-9019-0be164bdb6db,
1523,2022-08-30T22:24:41Z,watermeasurement,endnode2,70B3D57ED00504B1,1661901111764000000,1,3,922400000,LORA,125000,7,null,4/5,7276ff002e0507da,null,0,315964801378000000,22432948,null,W0JANGIyZDhmZQ==
,0,5,-92,-92,10,16.1184,108.274,812,0,SOURCE_REGISTRY,16.0907,108.25,-3.91801,3.00949,null,null,gps,DUTtest04072022test8,597ef83a-7b4e-422a-9019-0be164bdb6db,
1524,2022-08-30T22:24:41Z,watermeasurement,endnode2,70B3D57ED00504B1,1661901117970000000,1,4,922600000,LORA,125000,7,null,4/5,7276ff002e0507da,null,0,315964800548000000,28603100,null,W0JAMTMyOTQ1Nw==
,0,6,-95,-95,6,16.1184,108.274,812,0,SOURCE_REGISTRY,16.0906,108.25,-2.66278,3,null,null,gps,DUTtest04072022test8,597ef83a-7b4e-422a-9019-0be164bdb6db,
1525,2022-08-30T22:24:41Z,watermeasurement,endnode2,70B3D57ED00504B1,1661901138374000000,1,7,922000000,LORA,125000,7,null,4/5,7276ff002e0507da,null,0,315964800931000000,48986307,null,W0JAZTA1ZGI0NA==
,0,3,-96,-97,5,16.1184,108.274,812,0,SOURCE_REGISTRY,16.0906,108.25,-2.90383,3,null,null,gps,DUTtest04072022test8,597ef83a-7b4e-422a-9019-0be164bdb6db,
1526,2022-08-30T22:24:41Z,watermeasurement,endnode2,70B3D57ED00504B1,1661901172817000000,1,2,922200000,LORA,125000,7,null,4/5,7276ff002e0507da,null,0,315964800415000000,83470507,null,W0JAMzMxZWQ2Mg==
,0,4,-84,-85,13,16.1184,108.274,812,0,SOURCE_REGISTRY,16.0906,108.25,-2.90383,3,null,null,gps,DUTtest04072022test8,597ef83a-7b4e-422a-9019-0be164bdb6db,
1527,2022-08-30T22:24:41Z,watermeasurement,endnode2,70B3D57ED00504B1,1661901179011000000,1,3,922400000,LORA,125000,7,null,4/5,7276ff002e0507da,null,0,315964800585000000,89640532,null,W0JAZTYyMWVmMw==
,0,5,-84,-84,15,16.1184,108.274,812,0,SOURCE_REGISTRY,16.0906,108.25,-2.90383,3,null,null,gps,DUTtest04072022test8,597ef83a-7b4e-422a-9019-0be164bdb6db,
1528,2022-08-30T22:24:41Z,watermeasurement,endnode2,70B3D57ED00504B1,1661901185141000000,1,4,922600000,LORA,125000,7,null,4/5,7276ff002e0507da,null,0,315964800756000000,95810740,166818245,W0JAODI3NjdiMA==
,0,6,-84,-84,14,16.1184,108.274,812,0,SOURCE_REGISTRY,16.0906,108.25,-2.90383,3,null,null,gps,DUTtest04072022test8,597ef83a-7b4e-422a-9019-0be164bdb6db,
1529,2022-08-30T22:24:41Z,watermeasurement,endnode2,70B3D57ED00504B1,1661901205535000000,1,7,922000000,LORA,125000,7,null,4/5,7276ff002e0507da,null,0,315964800139000000,116193875,null,W0JAYzdlZjYyOQ==
,0,3,-85,-86,11,16.1184,108.274,812,0,SOURCE_REGISTRY,16.0906,108.25,-2.90383,3,null,null,gps,DUTtest04072022test8,597ef83a-7b4e-422a-9019-0be164bdb6db,
1530,2022-08-30T22:24:41Z,watermeasurement,endnode2,70B3D57ED00504B1,1661901225927000000,1,10,922200000,LORA,125000,7,null,4/5,7276ff002e0507da,null,0,315964800525000000,136579819,null,W0JAZGM1N2RhZQ==
,0,4,-85,-85,13,16.1184,108.274,812,0,SOURCE_REGISTRY,16.0906,108.25,-2.90383,3,null,null,gps,DUTtest04072022test8,597ef83a-7b4e-422a-9019-0be164bdb6db,
1531,2022-08-30T22:24:41Z,watermeasurement,endnode2,70B3D57ED00504B1,1661901232125000000,1,11,922400000,LORA,125000,7,null,4/5,7276ff002e0507da,null,0,315964801695000000,142750076,null,W0JAYjkzNGVkYw==
,0,5,-85,-85,14,16.1184,108.274,812,0,SOURCE_REGISTRY,16.0906,108.25,-2.90383,3,null,null,gps,DUTtest04072022test8,597ef83a-7b4e-422a-9019-0be164bdb6db,
1532,2022-08-30T22:24:41Z,watermeasurement,endnode2,70B3D57ED00504B1,1661901238256000000,1,12,922600000,LORA,125000,7,null,4/5,7276ff002e0507da,null,0,315964800865000000,148920276,null,W0JAOWU3Y2JlNQ==
,0,6,-85,-85,15,16.1184,108.274,812,0,SOURCE_REGISTRY,16.0906,108.25,-2.90383,3,null,null,gps,DUTtest04072022test8,597ef83a-7b4e-422a-9019-0be164bdb6db,
1533,2022-08-30T22:24:41Z,watermeasurement,endnode2,70B3D57ED00504B1,1661901258652000000,1,15,922000000,LORA,125000,7,null,4/5,7276ff002e0507da,null,0,315964800248000000,169303451,null,W0JAZmVmYzZiYQ==
,0,3,-86,-86,12,16.1184,108.274,812,0,SOURCE_REGISTRY,16.0906,108.25,-2.90383,3,null,null,gps,DUTtest04072022test8,597ef83a-7b4e-422a-9019-0be164bdb6db,
1534,2022-08-30T22:24:41Z,watermeasurement,endnode2,70B3D57ED00504B1,1661901279031000000,1,18,922200000,LORA,125000,7,null,4/5,7276ff002e0507da,null,0,315964800632000000,189686739,null,W0JANTgwNzk2Yg==
,0,4,-86,-86,13,16.1184,108.274,812,0,SOURCE_REGISTRY,16.0906,108.25,-7,16.145,null,null,network,DUTtest04072022test8,597ef83a-7b4e-422a-9019-0be164bdb6db,
1535,2022-08-30T22:24:41Z,watermeasurement,endnode2,70B3D57ED00504B1,1661901285228000000,1,19,922400000,LORA,125000,7,null,4/5,7276ff002e0507da,null,0,315964800802000000,195856924,45551930,W0JANzQ3Y2M4
,0,5,-85,-85,14,16.1184,108.274,812,0,SOURCE_REGISTRY,16.0906,108.25,-2.90383,3.829,null,null,gps,DUTtest04072022test8,597ef83a-7b4e-422a-9019-0be164bdb6db,
1536,2022-08-30T22:24:41Z,watermeasurement,endnode2,70B3D57ED00504B1,1661901291363000000,1,20,922600000,LORA,125000,7,null,4/5,7276ff002e0507da,null,0,315964800972000000,202027132,143981222,W0JAZDQzOTQ4Ng==
,0,6,-84,-85,12,16.1184,108.274,812,0,SOURCE_REGISTRY,16.0906,108.25,-2.90383,3.22841,null,null,gps,DUTtest04072022test8,597ef83a-7b4e-422a-9019-0be164bdb6db,
1537,2022-08-30T22:24:41Z,watermeasurement,endnode2,70B3D57ED00504B1,1661901311756000000,1,23,922000000,LORA,125000,7,null,4/5,7276ff002e0507da,null,0,315964801355000000,222410235,null,W0JAMmFiNDE0Nw==
,0,3,-86,-86,12,16.1184,108.274,812,0,SOURCE_REGISTRY,16.0906,108.25,-2.90383,4.7,null,null,gps,DUTtest04072022test8,597ef83a-7b4e-422a-9019-0be164bdb6db,
1538,2022-08-30T22:24:41Z,watermeasurement,endnode2,70B3D57ED00504B1,1661901332147000000,1,26,922200000,LORA,125000,7,null,4/5,7276ff002e0507da,null,0,315964800741000000,242796331,null,W0JANGI4OWQ3NA==
,0,4,-85,-85,13,16.1184,108.274,812,0,SOURCE_REGISTRY,16.0906,108.25,-2.90383,3,null,null,gps,DUTtest04072022test8,597ef83a-7b4e-422a-9019-0be164bdb6db,
1539,2022-08-30T22:24:41Z,watermeasurement,endnode2,70B3D57ED00504B1,1661901338340000000,1,27,922400000,LORA,125000,7,null,4/5,7276ff002e0507da,null,0,315964800912000000,248966692,null,W0JAZTRjOTI5ZA==
,0,5,-85,-85,15,16.1184,108.274,812,0,SOURCE_REGISTRY,16.0906,108.25,-2.90383,3,null,null,gps,DUTtest04072022test8,597ef83a-7b4e-422a-9019-0be164bdb6db,
1540,2022-08-30T22:24:41Z,watermeasurement,endnode2,70B3D57ED00504B1,1661901344468000000,1,28,922600000,LORA,125000,7,null,4/5,7276ff002e0507da,null,0,315964800082000000,255137060,null,W0JAZGI0NzMxMg==
,0,6,-84,-84,12,16.1184,108.274,812,0,SOURCE_REGISTRY,16.0906,108.25,-2.90383,3,null,null,gps,DUTtest04072022test8,597ef83a-7b4e-422a-9019-0be164bdb6db,
1541,2022-08-30T22:24:41Z,watermeasurement,endnode2,70B3D57ED00504B1,1661901364864000000,1,31,922000000,LORA,125000,7,null,4/5,7276ff002e0507da,null,0,315964800466000000,275520603,null,W0JANTdjMWNlMA==
,0,3,-87,-87,12,16.1184,108.274,812,0,SOURCE_REGISTRY,16.0906,108.25,-2.90383,3,null,null,gps,DUTtest04072022test8,597ef83a-7b4e-422a-9019-0be164bdb6db,
1542,2022-08-30T22:24:41Z,watermeasurement,endnode2,70B3D57ED00504B1,1661901386199000000,1,34,922200000,LORA,125000,7,null,4/5,7276ff002e0507da,null,0,315964800785000000,296840483,null,W0JAYmU0YmI5OQ==
,0,4,-89,-90,10,16.1184,108.274,812,0,SOURCE_REGISTRY,16.0906,108.25,-2.90383,3,null,null,gps,DUTtest04072022test8,597ef83a-7b4e-422a-9019-0be164bdb6db,
1543,2022-08-30T22:24:41Z,watermeasurement,endnode2,70B3D57ED00504B1,1661901392395000000,1,35,922400000,LORA,125000,7,null,4/5,7276ff002e0507da,null,0,315964801956000000,303010868,null,W0JAMmUyYWU1ZQ==
,0,5,-100,-103,1,16.1184,108.274,812,0,SOURCE_REGISTRY,16.0907,108.25,-7,34.531,null,null,network,DUTtest04072022test8,597ef83a-7b4e-422a-9019-0be164bdb6db,
1544,2022-08-30T22:24:41Z,watermeasurement,endnode2,70B3D57ED00504B1,1661901409549000000,1,2,922200000,LORA,125000,7,null,4/5,7276ff002e0507da,null,0,315964800150000000,320205403,null,W0JAMzM2MjcwYw==
,0,4,-91,-92,10,16.1184,108.274,812,0,SOURCE_REGISTRY,16.0905,108.25,-2.60342,3,null,null,gps,DUTtest04072022test8,597ef83a-7b4e-422a-9019-0be164bdb6db,
1545,2022-08-30T22:24:41Z,watermeasurement,endnode2,70B3D57ED00504B1,1661901415745000000,1,3,922400000,LORA,125000,7,null,4/5,7276ff002e0507da,null,0,315964801320000000,326375332,null,W0JAZDNjNzg1NQ==
,0,5,-101,-104,null,16.1184,108.274,812,0,SOURCE_REGISTRY,16.0905,108.25,-2.44982,3.09554,null,null,gps,DUTtest04072022test8,597ef83a-7b4e-422a-9019-0be164bdb6db,
1546,2022-08-30T22:24:41Z,watermeasurement,endnode2,70B3D57ED00504B1,1661901421876000000,1,4,922600000,LORA,125000,7,null,4/5,7276ff002e0507da,null,0,315964800491000000,332545532,null,W0JANjI3NTI2YQ==
,0,6,-98,-101,1,16.1184,108.274,812,0,SOURCE_REGISTRY,16.0908,108.25,-7,28.952,null,null,network,DUTtest04072022test8,597ef83a-7b4e-422a-9019-0be164bdb6db,
1547,2022-08-30T22:24:41Z,watermeasurement,endnode2,70B3D57ED00504B1,1661901443204000000,1,7,922000000,LORA,125000,7,null,4/5,7276ff002e0507da,null,0,315964800810000000,353865043,880062987,W0JAMWQ2OTM1Yg==
,0,3,-94,-94,8,16.1184,108.274,812,0,SOURCE_REGISTRY,16.0905,108.25,-1.80277,4.7,null,null,gps,DUTtest04072022test8,597ef83a-7b4e-422a-9019-0be164bdb6db,
1548,2022-08-30T22:24:41Z,watermeasurement,endnode2,70B3D57ED00504B1,1661901463591000000,1,10,922200000,LORA,125000,7,null,4/5,7276ff002e0507da,null,0,315964801196000000,374250915,null,W0JAY2E0YTdmOA==
,0,4,-101,-105,-1,16.1184,108.274,812,0,SOURCE_REGISTRY,16.0905,108.25,-3.38436,4.7,null,null,gps,DUTtest04072022test8,597ef83a-7b4e-422a-9019-0be164bdb6db,
1549,2022-08-30T22:24:41Z,watermeasurement,endnode2,70B3D57ED00504B1,1661901466833000000,1,null,922600000,LORA,125000,7,null,4/5,7276ff002e0507da,null,0,315964800323000000,377377556,null,W0JAZjE5NDRkMQ==
,0,6,-100,-104,-1,16.1184,108.274,812,0,SOURCE_REGISTRY,16.0906,108.25,-3.27554,4.7,null,null,gps,DUTtest04072022test8,597ef83a-7b4e-422a-9019-0be164bdb6db,
1550,2022-08-30T22:24:41Z,watermeasurement,endnode2,70B3D57ED00504B1,1661901491352000000,1,2,922200000,LORA,125000,7,null,4/5,7276ff002e0507da,null,0,315964800940000000,401994883,null,W0JANmUxMGEzNw==
,0,4,-89,-89,11,16.1184,108.274,812,0,SOURCE_REGISTRY,16.0906,108.25,-3.81612,6.12452,null,null,gps,DUTtest04072022test8,597ef83a-7b4e-422a-9019-0be164bdb6db,
