id,time,device_id,application_id,gateway_id,modulation,"spreading factor",bandwidth,snr,rssi,frequency,f_port,f_cnt,latitude,longitude,altitude,"accuracy meters",hdop,satellites,"location provider","user agent","experiment name"
479434349,"2022-01-22 01:12:53.175+00",end-node1,relay-rf200,trungnam,LORA,7,125000,-4.50,-122.00,921400000,1,15,16.087316,108.144210,-11.0,3.50,,,gps,"Android11 App34:2021.12.17",trungnamtest
479434562,"2022-01-22 01:14:24.86+00",end-node1,relay-rf200,trungnam,LORA,7,125000,-5.30,-119.00,921400000,1,7,16.087800,108.144017,-8.0,2.50,,,gps,"Android11 App34:2021.12.17",trungnamtest
479434679,"2022-01-22 01:15:02.583+00",end-node1,relay-rf200,trungnam,LORA,7,125000,8.30,-101.00,921400000,1,11,16.090462,108.142934,-4.0,2.00,,,gps,"Android11 App34:2021.12.17",trungnamtest
479434695,"2022-01-22 01:15:11.292+00",end-node1,relay-rf200,trungnam,LORA,7,125000,5.50,-104.00,921400000,1,12,16.091249,108.142496,-4.0,2.50,,,gps,"Android11 App34:2021.12.17",trungnamtest
479434709,"2022-01-22 01:15:19.907+00",end-node1,relay-rf200,trungnam,LORA,7,125000,5.80,-107.00,921400000,1,13,16.091897,108.141978,-7.0,2.00,,,gps,"Android11 App34:2021.12.17",trungnamtest
479434725,"2022-01-22 01:15:28.147+00",end-node1,relay-rf200,trungnam,LORA,7,125000,-1.30,-114.00,921400000,1,14,16.092567,108.141248,-7.0,2.50,,,gps,"Android11 App34:2021.12.17",trungnamtest
479434768,"2022-01-22 01:15:37.4+00",end-node1,relay-rf200,trungnam,LORA,7,125000,-2.80,-115.00,921400000,1,15,16.093195,108.140480,-8.0,2.50,,,gps,"Android11 App34:2021.12.17",trungnamtest
479434840,"2022-01-22 01:16:14.62+00",end-node1,relay-rf200,trungnam,LORA,7,125000,7.80,-101.00,921400000,1,19,16.095936,108.137649,-9.0,2.50,,,gps,"Android11 App34:2021.12.17",trungnamtest
479434877,"2022-01-22 01:16:22.87+00",end-node1,relay-rf200,trungnam,LORA,7,125000,7.80,-104.00,921400000,1,20,16.096736,108.137148,-9.0,2.50,,,gps,"Android11 App34:2021.12.17",trungnamtest
479434900,"2022-01-22 01:16:32.765+00",end-node1,relay-rf200,trungnam,LORA,7,125000,7.50,-104.00,921400000,1,21,16.097499,108.136748,-10.0,2.00,,,gps,"Android11 App34:2021.12.17",trungnamtest
479434937,"2022-01-22 01:16:49.434+00",end-node1,relay-rf200,trungnam,LORA,7,125000,-7.50,-124.00,921400000,1,23,16.098457,108.136267,-10.0,2.00,,,gps,"Android11 App34:2021.12.17",trungnamtest
479434938,"2022-01-22 01:16:49.434+00",end-node1,relay-rf200,7276ff002e0507da,LORA,7,125000,-8.50,-107.00,921400000,1,23,16.098457,108.136267,-10.0,2.00,,,gps,"Android11 App34:2021.12.17",trungnamtest
479434966,"2022-01-22 01:16:57.969+00",end-node1,relay-rf200,7276ff002e0507da,LORA,7,125000,0.80,-105.00,921400000,1,24,16.098457,108.136267,-10.0,2.00,,,gps,"Android11 App34:2021.12.17",trungnamtest
479435014,"2022-01-22 01:17:15.458+00",end-node1,relay-rf200,trungnam,LORA,7,125000,5.80,-105.00,921400000,1,26,16.098469,108.136264,-10.0,2.50,,,gps,"Android11 App34:2021.12.17",trungnamtest
479435015,"2022-01-22 01:17:15.458+00",end-node1,relay-rf200,7276ff002e0507da,LORA,7,125000,-2.50,-106.00,921400000,1,26,16.098469,108.136264,-10.0,2.50,,,gps,"Android11 App34:2021.12.17",trungnamtest
479435035,"2022-01-22 01:17:24.888+00",end-node1,relay-rf200,trungnam,LORA,7,125000,8.30,-101.00,921400000,1,27,16.098783,108.136118,-11.0,2.50,,,gps,"Android11 App34:2021.12.17",trungnamtest
479435066,"2022-01-22 01:17:33.231+00",end-node1,relay-rf200,trungnam,LORA,7,125000,8.80,-102.00,921400000,1,28,16.099298,108.135857,-11.0,2.50,,,gps,"Android11 App34:2021.12.17",trungnamtest
479435067,"2022-01-22 01:17:33.231+00",end-node1,relay-rf200,7276ff002e0507da,LORA,7,125000,-0.80,-107.00,921400000,1,28,16.099298,108.135857,-11.0,2.50,,,gps,"Android11 App34:2021.12.17",trungnamtest
479435079,"2022-01-22 01:17:43.148+00",end-node1,relay-rf200,trungnam,LORA,7,125000,8.50,-93.00,921400000,1,29,16.100035,108.135482,-12.0,2.50,,,gps,"Android11 App34:2021.12.17",trungnamtest
479435092,"2022-01-22 01:17:52.936+00",end-node1,relay-rf200,trungnam,LORA,7,125000,9.30,-98.00,921400000,1,30,16.100911,108.135065,-12.0,2.50,,,gps,"Android11 App34:2021.12.17",trungnamtest
479435110,"2022-01-22 01:18:02.858+00",end-node1,relay-rf200,trungnam,LORA,7,125000,9.30,-93.00,921400000,1,31,16.101718,108.134659,-12.0,2.50,,,gps,"Android11 App34:2021.12.17",trungnamtest
479435148,"2022-01-22 01:18:12.673+00",end-node1,relay-rf200,trungnam,LORA,7,125000,10.00,-92.00,921400000,1,32,16.102548,108.134242,-14.0,2.00,,,gps,"Android11 App34:2021.12.17",trungnamtest
479435161,"2022-01-22 01:18:22.465+00",end-node1,relay-rf200,trungnam,LORA,7,125000,9.80,-98.00,921400000,1,33,16.103375,108.133822,-15.0,2.00,,,gps,"Android11 App34:2021.12.17",trungnamtest
479435181,"2022-01-22 01:18:31.002+00",end-node1,relay-rf200,trungnam,LORA,7,125000,9.30,-90.00,921400000,1,34,16.103982,108.133515,-15.0,2.00,,,gps,"Android11 App34:2021.12.17",trungnamtest
479435209,"2022-01-22 01:18:39.413+00",end-node1,relay-rf200,trungnam,LORA,7,125000,8.50,-84.00,921400000,1,35,16.104649,108.133194,-14.0,2.00,,,gps,"Android11 App34:2021.12.17",trungnamtest
479435224,"2022-01-22 01:18:49.142+00",end-node1,relay-rf200,trungnam,LORA,7,125000,10.30,-84.00,921400000,1,36,16.105436,108.132807,-13.0,2.00,,,gps,"Android11 App34:2021.12.17",trungnamtest
479435317,"2022-01-22 01:19:06.436+00",end-node1,relay-rf200,trungnam,LORA,7,125000,9.30,-81.00,921400000,1,37,16.106831,108.132067,-11.0,2.50,,,gps,"Android11 App34:2021.12.17",trungnamtest
479435330,"2022-01-22 01:19:15.116+00",end-node1,relay-rf200,trungnam,LORA,7,125000,10.00,-77.00,921400000,1,38,16.107552,108.131602,-11.0,2.50,,,gps,"Android11 App34:2021.12.17",trungnamtest
479435345,"2022-01-22 01:19:23.917+00",end-node1,relay-rf200,trungnam,LORA,7,125000,9.50,-77.00,921400000,1,39,16.108220,108.131155,-11.0,2.00,,,gps,"Android11 App34:2021.12.17",trungnamtest
479435384,"2022-01-22 01:19:32.361+00",end-node1,relay-rf200,trungnam,LORA,7,125000,8.30,-69.00,921400000,1,40,16.108544,108.130732,-3.2,17.26,,,network,"Android11 App34:2021.12.17",trungnamtest
479435395,"2022-01-22 01:19:41.155+00",end-node1,relay-rf200,trungnam,LORA,7,125000,10.50,-71.00,921400000,1,41,16.109152,108.130521,-9.0,2.00,,,gps,"Android11 App34:2021.12.17",trungnamtest
479435415,"2022-01-22 01:19:50.651+00",end-node1,relay-rf200,7276ff002e0507da,LORA,7,125000,-2.80,-106.00,921400000,1,42,16.109613,108.130220,-8.0,2.00,,,gps,"Android11 App34:2021.12.17",trungnamtest
479435414,"2022-01-22 01:19:50.651+00",end-node1,relay-rf200,trungnam,LORA,7,125000,8.80,-96.00,921400000,1,42,16.109613,108.130220,-8.0,2.00,,,gps,"Android11 App34:2021.12.17",trungnamtest
479435428,"2022-01-22 01:19:59.213+00",end-node1,relay-rf200,trungnam,LORA,7,125000,8.50,-77.00,921400000,1,43,16.110270,108.129905,-8.0,2.00,,,gps,"Android11 App34:2021.12.17",trungnamtest
479435462,"2022-01-22 01:20:08.041+00",end-node1,relay-rf200,trungnam,LORA,7,125000,9.50,-76.00,921400000,1,44,16.111061,108.129591,-9.0,2.00,,,gps,"Android11 App34:2021.12.17",trungnamtest
479435491,"2022-01-22 01:20:25.507+00",end-node1,relay-rf200,trungnam,LORA,7,125000,9.80,-88.00,921400000,1,46,16.112065,108.129218,-10.0,2.50,,,gps,"Android11 App34:2021.12.17",trungnamtest
479435529,"2022-01-22 01:20:33.671+00",end-node1,relay-rf200,trungnam,LORA,7,125000,10.30,-86.00,921400000,1,47,16.112437,108.128893,-3.2,36.01,,,network,"Android11 App34:2021.12.17",trungnamtest
479435547,"2022-01-22 01:20:43.51+00",end-node1,relay-rf200,trungnam,LORA,7,125000,9.50,-84.00,921400000,1,48,16.112511,108.128972,-12.0,3.00,,,gps,"Android11 App34:2021.12.17",trungnamtest
479435574,"2022-01-22 01:20:51.713+00",end-node1,relay-rf200,trungnam,LORA,7,125000,8.30,-84.00,921400000,1,49,16.112603,108.128928,-12.0,3.00,,,gps,"Android11 App34:2021.12.17",trungnamtest
479435642,"2022-01-22 01:21:12.475+00",end-node1,relay-rf200,trungnam,LORA,7,125000,8.50,-96.00,921400000,1,50,16.112597,108.128927,-12.0,3.00,,,gps,"Android11 App34:2021.12.17",trungnamtest
479435663,"2022-01-22 01:21:21.446+00",end-node1,relay-rf200,trungnam,LORA,7,125000,9.50,-82.00,921400000,1,51,16.112597,108.128927,-12.0,3.00,,,gps,"Android11 App34:2021.12.17",trungnamtest
479435700,"2022-01-22 01:21:30.097+00",end-node1,relay-rf200,trungnam,LORA,7,125000,8.50,-86.00,921400000,1,52,16.112597,108.128927,-12.0,3.50,,,gps,"Android11 App34:2021.12.17",trungnamtest
479435717,"2022-01-22 01:21:39.216+00",end-node1,relay-rf200,trungnam,LORA,7,125000,10.00,-88.00,921400000,1,53,16.112597,108.128927,-12.0,3.50,,,gps,"Android11 App34:2021.12.17",trungnamtest
479435741,"2022-01-22 01:21:49.156+00",end-node1,relay-rf200,trungnam,LORA,7,125000,8.80,-86.00,921400000,1,54,16.112597,108.128927,-12.0,3.50,,,gps,"Android11 App34:2021.12.17",trungnamtest
479435753,"2022-01-22 01:21:58.524+00",end-node1,relay-rf200,trungnam,LORA,7,125000,9.30,-88.00,921400000,1,55,16.112597,108.128927,-12.0,3.00,,,gps,"Android11 App34:2021.12.17",trungnamtest
479435786,"2022-01-22 01:22:07.158+00",end-node1,relay-rf200,trungnam,LORA,7,125000,8.30,-82.00,921400000,1,56,16.112806,108.128716,-12.0,3.00,,,gps,"Android11 App34:2021.12.17",trungnamtest
479435803,"2022-01-22 01:22:16.136+00",end-node1,relay-rf200,trungnam,LORA,7,125000,8.80,-97.00,921400000,1,57,16.113399,108.128200,-12.0,2.50,,,gps,"Android11 App34:2021.12.17",trungnamtest
479435824,"2022-01-22 01:22:26.153+00",end-node1,relay-rf200,trungnam,LORA,7,125000,8.30,-104.00,921400000,1,58,16.114094,108.127634,-15.0,2.50,,,gps,"Android11 App34:2021.12.17",trungnamtest
479435857,"2022-01-22 01:22:34.776+00",end-node1,relay-rf200,trungnam,LORA,7,125000,6.30,-113.00,921400000,1,59,16.114829,108.127038,-19.0,2.50,,,gps,"Android11 App34:2021.12.17",trungnamtest
479435896,"2022-01-22 01:22:43.412+00",end-node1,relay-rf200,trungnam,LORA,7,125000,7.80,-92.00,921400000,1,60,16.115468,108.126518,-21.0,2.50,,,gps,"Android11 App34:2021.12.17",trungnamtest
479435911,"2022-01-22 01:22:51.774+00",end-node1,relay-rf200,trungnam,LORA,7,125000,8.50,-99.00,921400000,1,61,16.116029,108.126058,-21.0,2.50,,,gps,"Android11 App34:2021.12.17",trungnamtest
479435950,"2022-01-22 01:23:01.827+00",end-node1,relay-rf200,trungnam,LORA,7,125000,3.00,-101.00,921400000,1,62,16.116797,108.125762,-17.0,2.50,,,gps,"Android11 App34:2021.12.17",trungnamtest
479436034,"2022-01-22 01:23:31.412+00",end-node1,relay-rf200,trungnam,LORA,7,125000,9.00,-95.00,921400000,1,63,16.120151,108.123041,0.0,2000.00,,,network,"Android11 App34:2021.12.17",trungnamtest
479436050,"2022-01-22 01:23:41.408+00",end-node1,relay-rf200,trungnam,LORA,7,125000,8.50,-95.00,921400000,1,64,16.120429,108.123495,-13.0,2.50,,,gps,"Android11 App34:2021.12.17",trungnamtest
479436069,"2022-01-22 01:23:51.436+00",end-node1,relay-rf200,trungnam,LORA,7,125000,8.00,-100.00,921400000,1,65,16.121289,108.122870,-14.0,2.50,,,gps,"Android11 App34:2021.12.17",trungnamtest
479436099,"2022-01-22 01:24:00.16+00",end-node1,relay-rf200,trungnam,LORA,7,125000,8.00,-102.00,921400000,1,66,16.122103,108.122309,-13.0,2.50,,,gps,"Android11 App34:2021.12.17",trungnamtest
479436100,"2022-01-22 01:24:00.16+00",end-node1,relay-rf200,7276ff002e0507da,LORA,7,125000,0.50,-106.00,921400000,1,66,16.122103,108.122309,-13.0,2.50,,,gps,"Android11 App34:2021.12.17",trungnamtest
479436128,"2022-01-22 01:24:08.251+00",end-node1,relay-rf200,trungnam,LORA,7,125000,6.80,-108.00,921400000,1,67,16.122812,108.121840,-14.0,2.50,,,gps,"Android11 App34:2021.12.17",trungnamtest
479436143,"2022-01-22 01:24:16.897+00",end-node1,relay-rf200,trungnam,LORA,7,125000,9.50,-100.00,921400000,1,68,16.123414,108.121429,-14.0,2.50,,,gps,"Android11 App34:2021.12.17",trungnamtest
479436155,"2022-01-22 01:24:25.01+00",end-node1,relay-rf200,trungnam,LORA,7,125000,7.00,-112.00,921400000,1,69,16.124030,108.121026,-12.0,2.50,,,gps,"Android11 App34:2021.12.17",trungnamtest
479436177,"2022-01-22 01:24:33.142+00",end-node1,relay-rf200,trungnam,LORA,7,125000,9.30,-101.00,921400000,1,70,16.124764,108.120553,-10.0,2.50,,,gps,"Android11 App34:2021.12.17",trungnamtest
479436212,"2022-01-22 01:24:41.251+00",end-node1,relay-rf200,trungnam,LORA,7,125000,1.50,-105.00,921400000,1,71,16.125448,108.120105,-10.0,2.00,,,gps,"Android11 App34:2021.12.17",trungnamtest
479436244,"2022-01-22 01:24:50.678+00",end-node1,relay-rf200,trungnam,LORA,7,125000,3.00,-106.00,921400000,1,72,16.126266,108.119616,-9.0,2.50,,,gps,"Android11 App34:2021.12.17",trungnamtest
479436278,"2022-01-22 01:24:59.357+00",end-node1,relay-rf200,trungnam,LORA,7,125000,6.00,-116.00,921400000,1,73,16.127043,108.119401,-8.0,3.00,,,gps,"Android11 App34:2021.12.17",trungnamtest
479436304,"2022-01-22 01:25:08.353+00",end-node1,relay-rf200,trungnam,LORA,7,125000,-2.30,-116.00,921400000,1,74,16.127548,108.119391,-8.0,3.00,,,gps,"Android11 App34:2021.12.17",trungnamtest
479436318,"2022-01-22 01:25:16.479+00",end-node1,relay-rf200,trungnam,LORA,7,125000,-2.00,-114.00,921400000,1,75,16.128053,108.119423,-11.0,2.50,,,gps,"Android11 App34:2021.12.17",trungnamtest
479436496,"2022-01-22 01:26:29.735+00",end-node1,relay-rf200,trungnam,LORA,7,125000,-3.80,-117.00,921400000,1,79,16.135320,108.119782,-20.0,2.50,,,gps,"Android11 App34:2021.12.17",trungnamtest
479436645,"2022-01-22 01:27:23.857+00",end-node1,relay-rf200,trungnam,LORA,7,125000,-0.50,-115.00,921400000,1,85,16.141090,108.120149,-16.0,4.00,,,gps,"Android11 App34:2021.12.17",trungnamtest
479436685,"2022-01-22 01:27:42.758+00",end-node1,relay-rf200,7276ff002e0507da,LORA,7,125000,-7.50,-107.00,921400000,1,87,16.142424,108.120675,-17.0,3.00,,,gps,"Android11 App34:2021.12.17",trungnamtest
479436972,"2022-01-22 01:29:17.841+00",end-node1,relay-rf200,trungnam,LORA,7,125000,5.00,-112.00,921400000,1,0,16.143197,108.128990,1.0,4.00,,,gps,"Android11 App34:2021.12.17",trungnamtest
479437013,"2022-01-22 01:29:26.245+00",end-node1,relay-rf200,trungnam,LORA,7,125000,2.50,-116.00,921400000,1,1,16.143774,108.129663,4.0,3.50,,,gps,"Android11 App34:2021.12.17",trungnamtest
479437052,"2022-01-22 01:29:44+00",end-node1,relay-rf200,trungnam,LORA,7,125000,7.00,-112.00,921400000,1,3,16.142816,108.129910,12.0,3.50,,,gps,"Android11 App34:2021.12.17",trungnamtest
479437079,"2022-01-22 01:29:53.484+00",end-node1,relay-rf200,trungnam,LORA,7,125000,8.30,-95.00,921400000,1,4,16.142099,108.130493,17.0,4.00,,,gps,"Android11 App34:2021.12.17",trungnamtest
479437090,"2022-01-22 01:30:03.545+00",end-node1,relay-rf200,trungnam,LORA,7,125000,8.50,-96.00,921400000,1,5,16.142206,108.131377,17.0,4.00,,,gps,"Android11 App34:2021.12.17",trungnamtest
479437113,"2022-01-22 01:30:12.632+00",end-node1,relay-rf200,trungnam,LORA,7,125000,3.30,-95.00,921400000,1,6,16.142175,108.132271,21.0,3.50,,,gps,"Android11 App34:2021.12.17",trungnamtest
479437198,"2022-01-22 01:30:38.069+00",end-node1,relay-rf200,trungnam,LORA,7,125000,1.00,-114.00,921400000,1,9,16.142249,108.135033,43.0,3.50,,,gps,"Android11 App34:2021.12.17",trungnamtest
479437242,"2022-01-22 01:30:55.841+00",end-node1,relay-rf200,trungnam,LORA,7,125000,8.00,-108.00,921400000,1,11,16.143550,108.135216,55.0,4.00,,,gps,"Android11 App34:2021.12.17",trungnamtest
479437309,"2022-01-22 01:31:14.261+00",end-node1,relay-rf200,trungnam,LORA,7,125000,-0.80,-117.00,921400000,1,13,16.144865,108.136301,60.0,4.00,,,gps,"Android11 App34:2021.12.17",trungnamtest
479437310,"2022-01-22 01:31:14.261+00",end-node1,relay-rf200,7276ff002e0507da,LORA,7,125000,-3.20,-106.00,921400000,1,13,16.144865,108.136301,60.0,4.00,,,gps,"Android11 App34:2021.12.17",trungnamtest
479437326,"2022-01-22 01:31:22.548+00",end-node1,relay-rf200,trungnam,LORA,7,125000,7.50,-106.00,921400000,1,14,16.145365,108.136915,63.0,3.00,,,gps,"Android11 App34:2021.12.17",trungnamtest
479437327,"2022-01-22 01:31:22.548+00",end-node1,relay-rf200,7276ff002e0507da,LORA,7,125000,-4.20,-105.00,921400000,1,14,16.145365,108.136915,63.0,3.00,,,gps,"Android11 App34:2021.12.17",trungnamtest
479437348,"2022-01-22 01:31:30.769+00",end-node1,relay-rf200,trungnam,LORA,7,125000,3.50,-111.00,921400000,1,15,16.146157,108.137234,65.0,3.00,,,gps,"Android11 App34:2021.12.17",trungnamtest
479438331,"2022-01-22 01:37:50.52+00",end-node1,relay-rf200,trungnam,LORA,7,125000,-4.50,-119.00,921400000,1,0,16.170723,108.128832,258.0,3.00,,,gps,"Android11 App34:2021.12.17",trungnamtest
479438351,"2022-01-22 01:37:59.5+00",end-node1,relay-rf200,trungnam,LORA,7,125000,-5.50,-122.00,921400000,1,1,16.170900,108.128977,262.0,3.50,,,gps,"Android11 App34:2021.12.17",trungnamtest
479438397,"2022-01-22 01:38:18.259+00",end-node1,relay-rf200,trungnam,LORA,7,125000,-5.80,-123.00,921400000,1,3,16.170900,108.128977,262.0,3.00,,,gps,"Android11 App34:2021.12.17",trungnamtest
479438436,"2022-01-22 01:38:35.599+00",end-node1,relay-rf200,trungnam,LORA,7,125000,-7.50,-124.00,921400000,1,5,16.171006,108.129002,262.0,3.50,,,gps,"Android11 App34:2021.12.17",trungnamtest
479438448,"2022-01-22 01:38:44.405+00",end-node1,relay-rf200,trungnam,LORA,7,125000,0.50,-113.00,921400000,1,6,16.171389,108.129142,261.0,3.50,,,gps,"Android11 App34:2021.12.17",trungnamtest
479438504,"2022-01-22 01:38:53.936+00",end-node1,relay-rf200,trungnam,LORA,7,125000,-1.00,-114.00,921400000,1,7,16.171883,108.129561,267.0,3.00,,,gps,"Android11 App34:2021.12.17",trungnamtest
479438721,"2022-01-22 01:40:18.548+00",end-node1,relay-rf200,trungnam,LORA,7,125000,-5.30,-119.00,921400000,1,5,16.177788,108.130311,307.0,3.00,,,gps,"Android11 App34:2021.12.17",trungnamtest
479438858,"2022-01-22 01:41:12.486+00",end-node1,relay-rf200,trungnam,LORA,7,125000,0.50,-116.00,921400000,1,11,16.181621,108.131258,340.0,3.00,,,gps,"Android11 App34:2021.12.17",trungnamtest
479438873,"2022-01-22 01:41:20.812+00",end-node1,relay-rf200,trungnam,LORA,7,125000,-2.80,-117.00,921400000,1,12,16.182305,108.131355,344.0,2.50,,,gps,"Android11 App34:2021.12.17",trungnamtest
479438939,"2022-01-22 01:41:47.961+00",end-node1,relay-rf200,trungnam,LORA,7,125000,-2.00,-114.00,921400000,1,15,16.184869,108.131551,363.0,2.50,,,gps,"Android11 App34:2021.12.17",trungnamtest
479438958,"2022-01-22 01:41:57.774+00",end-node1,relay-rf200,trungnam,LORA,7,125000,2.30,-108.00,921400000,1,16,16.185641,108.131696,371.0,3.00,,,gps,"Android11 App34:2021.12.17",trungnamtest
479439008,"2022-01-22 01:42:06.45+00",end-node1,relay-rf200,trungnam,LORA,7,125000,8.30,-104.00,921400000,1,17,16.186363,108.133147,383.0,2.00,,,gps,"Android11 App34:2021.12.17",trungnamtest
479439011,"2022-01-22 01:42:14.597+00",end-node1,relay-rf200,trungnam,LORA,7,125000,4.80,-110.00,921400000,1,18,16.186397,108.133242,384.0,2.00,,,gps,"Android11 App34:2021.12.17",trungnamtest
479439015,"2022-01-22 01:42:18.21+00",end-node1,relay-rf200,trungnam,LORA,7,125000,-1.50,-114.00,921400000,1,0,16.186492,108.133518,386.0,2.50,,,gps,"Android11 App34:2021.12.17",trungnamtest
479439071,"2022-01-22 01:42:26.916+00",end-node1,relay-rf200,trungnam,LORA,7,125000,0.30,-114.00,921400000,1,1,16.185783,108.134939,396.0,2.50,,,gps,"Android11 App34:2021.12.17",trungnamtest
479439072,"2022-01-22 01:42:35.001+00",end-node1,relay-rf200,trungnam,LORA,7,125000,6.30,-113.00,921400000,1,2,16.185783,108.134939,396.0,2.50,,,gps,"Android11 App34:2021.12.17",trungnamtest
479439121,"2022-01-22 01:42:43.12+00",end-node1,relay-rf200,trungnam,LORA,7,125000,-0.50,-117.00,921400000,1,3,16.185286,108.135591,400.0,2.50,,,gps,"Android11 App34:2021.12.17",trungnamtest
479439170,"2022-01-22 01:42:51.885+00",end-node1,relay-rf200,trungnam,LORA,7,125000,4.00,-108.00,921400000,1,4,16.185081,108.136590,410.0,3.00,,,gps,"Android11 App34:2021.12.17",trungnamtest
479439172,"2022-01-22 01:43:01.007+00",end-node1,relay-rf200,trungnam,LORA,7,125000,3.50,-108.00,921400000,1,5,16.185081,108.136590,410.0,3.00,,,gps,"Android11 App34:2021.12.17",trungnamtest
479439220,"2022-01-22 01:43:10.933+00",end-node1,relay-rf200,trungnam,LORA,7,125000,6.00,-104.00,921400000,1,6,16.185405,108.135855,409.0,3.50,,,gps,"Android11 App34:2021.12.17",trungnamtest
479439270,"2022-01-22 01:43:19.492+00",end-node1,relay-rf200,trungnam,LORA,7,125000,-3.80,-111.00,921400000,1,7,16.186202,108.135137,411.0,3.50,,,gps,"Android11 App34:2021.12.17",trungnamtest
479439271,"2022-01-22 01:43:31.557+00",end-node1,relay-rf200,trungnam,LORA,7,125000,-0.30,-108.00,921400000,1,1,16.187457,108.133989,417.0,4.00,,,gps,"Android11 App34:2021.12.17",trungnamtest
479439272,"2022-01-22 01:43:40.744+00",end-node1,relay-rf200,trungnam,LORA,7,125000,6.00,-108.00,921400000,1,2,16.187457,108.133989,417.0,4.00,,,gps,"Android11 App34:2021.12.17",trungnamtest
479439285,"2022-01-22 01:43:49.898+00",end-node1,relay-rf200,trungnam,LORA,7,125000,8.50,-102.00,921400000,1,3,16.187429,108.132918,424.0,4.00,,,gps,"Android11 App34:2021.12.17",trungnamtest
479439301,"2022-01-22 01:43:58.371+00",end-node1,relay-rf200,trungnam,LORA,7,125000,8.00,-102.00,921400000,1,4,16.187426,108.131961,433.0,4.00,,,gps,"Android11 App34:2021.12.17",trungnamtest
479439334,"2022-01-22 01:44:07.787+00",end-node1,relay-rf200,trungnam,LORA,7,125000,-4.00,-118.00,921400000,1,5,16.187373,108.131247,438.0,4.50,,,gps,"Android11 App34:2021.12.17",trungnamtest
479439420,"2022-01-22 01:44:45.244+00",end-node1,relay-rf200,7276ff002e0507da,LORA,7,125000,-6.20,-107.00,921400000,1,9,16.187337,108.130766,454.0,3.50,,,gps,"Android11 App34:2021.12.17",trungnamtest
479439419,"2022-01-22 01:44:45.244+00",end-node1,relay-rf200,trungnam,LORA,7,125000,-1.80,-116.00,921400000,1,9,16.187337,108.130766,454.0,3.50,,,gps,"Android11 App34:2021.12.17",trungnamtest
479439475,"2022-01-22 01:45:03.638+00",end-node1,relay-rf200,trungnam,LORA,7,125000,2.30,-112.00,921400000,1,11,16.187148,108.130923,459.0,4.00,,,gps,"Android11 App34:2021.12.17",trungnamtest
479439596,"2022-01-22 01:45:39.053+00",end-node1,relay-rf200,trungnam,LORA,7,125000,-7.00,-124.00,921400000,1,15,16.188279,108.131143,461.0,3.50,,,gps,"Android11 App34:2021.12.17",trungnamtest
479440205,"2022-01-22 01:49:28.667+00",end-node1,relay-rf200,trungnam,LORA,7,125000,3.80,-105.00,921400000,1,14,16.187330,108.130844,460.3,77.60,,,network,"Android11 App34:2021.12.17",trungnamtest
479440229,"2022-01-22 01:49:48.334+00",end-node1,relay-rf200,trungnam,LORA,7,125000,-3.80,-114.00,921400000,1,16,16.187338,108.133379,449.0,3.50,,,gps,"Android11 App34:2021.12.17",trungnamtest
479440370,"2022-01-22 01:50:42.829+00",end-node1,relay-rf200,trungnam,LORA,7,125000,2.80,-114.00,921400000,1,22,16.184953,108.136175,420.0,3.00,,,gps,"Android11 App34:2021.12.17",trungnamtest
479440407,"2022-01-22 01:50:52.855+00",end-node1,relay-rf200,trungnam,LORA,7,125000,3.80,-112.00,921400000,1,23,16.185449,108.135490,409.0,3.00,,,gps,"Android11 App34:2021.12.17",trungnamtest
479440426,"2022-01-22 01:51:01.634+00",end-node1,relay-rf200,trungnam,LORA,7,125000,4.80,-107.00,921400000,1,24,16.186034,108.134719,402.0,3.00,,,gps,"Android11 App34:2021.12.17",trungnamtest
479440463,"2022-01-22 01:51:10.802+00",end-node1,relay-rf200,trungnam,LORA,7,125000,3.50,-107.00,921400000,1,25,16.186489,108.133962,396.0,2.50,,,gps,"Android11 App34:2021.12.17",trungnamtest
479440492,"2022-01-22 01:51:28.665+00",end-node1,relay-rf200,trungnam,LORA,7,125000,8.80,-102.00,921400000,1,27,16.186162,108.132315,388.0,3.50,,,gps,"Android11 App34:2021.12.17",trungnamtest
479440520,"2022-01-22 01:51:37.569+00",end-node1,relay-rf200,trungnam,LORA,7,125000,5.00,-108.00,921400000,1,28,16.185607,108.131644,380.0,2.50,,,gps,"Android11 App34:2021.12.17",trungnamtest
479440559,"2022-01-22 01:51:54.082+00",end-node1,relay-rf200,trungnam,LORA,7,125000,2.30,-113.00,921400000,1,30,16.183834,108.131564,367.0,2.50,,,gps,"Android11 App34:2021.12.17",trungnamtest
479440598,"2022-01-22 01:52:03.704+00",end-node1,relay-rf200,trungnam,LORA,7,125000,3.30,-110.00,921400000,1,31,16.183007,108.131499,363.0,3.00,,,gps,"Android11 App34:2021.12.17",trungnamtest
479440614,"2022-01-22 01:52:11.826+00",end-node1,relay-rf200,trungnam,LORA,7,125000,6.30,-106.00,921400000,1,32,16.182241,108.131353,359.0,3.00,,,gps,"Android11 App34:2021.12.17",trungnamtest
479440663,"2022-01-22 01:52:30.042+00",end-node1,relay-rf200,trungnam,LORA,7,125000,8.00,-101.00,921400000,1,34,16.180492,108.131157,352.0,3.50,,,gps,"Android11 App34:2021.12.17",trungnamtest
479440681,"2022-01-22 01:52:38.848+00",end-node1,relay-rf200,trungnam,LORA,7,125000,3.80,-107.00,921400000,1,35,16.179702,108.130993,344.0,2.50,,,gps,"Android11 App34:2021.12.17",trungnamtest
479440709,"2022-01-22 01:52:46.97+00",end-node1,relay-rf200,trungnam,LORA,7,125000,-2.00,-116.00,921400000,1,36,16.179191,108.130341,338.0,3.00,,,gps,"Android11 App34:2021.12.17",trungnamtest
479440804,"2022-01-22 01:53:14.411+00",end-node1,relay-rf200,trungnam,LORA,7,125000,6.80,-101.00,921400000,1,38,16.177298,108.130503,328.0,3.50,,,gps,"Android11 App34:2021.12.17",trungnamtest
479440843,"2022-01-22 01:53:33.601+00",end-node1,relay-rf200,7276ff002e0507da,LORA,7,125000,-4.00,-107.00,921400000,1,40,16.175594,108.129765,308.0,2.50,,,gps,"Android11 App34:2021.12.17",trungnamtest
479440842,"2022-01-22 01:53:33.601+00",end-node1,relay-rf200,trungnam,LORA,7,125000,-0.50,-114.00,921400000,1,40,16.175594,108.129765,308.0,2.50,,,gps,"Android11 App34:2021.12.17",trungnamtest
479440882,"2022-01-22 01:53:42.58+00",end-node1,relay-rf200,7276ff002e0507da,LORA,7,125000,-6.00,-107.00,921400000,1,41,16.174716,108.129765,300.0,3.00,,,gps,"Android11 App34:2021.12.17",trungnamtest
479440895,"2022-01-22 01:53:50.611+00",end-node1,relay-rf200,trungnam,LORA,7,125000,-4.80,-121.00,921400000,1,42,16.173902,108.129937,296.0,3.00,,,gps,"Android11 App34:2021.12.17",trungnamtest
479440947,"2022-01-22 01:54:17.216+00",end-node1,relay-rf200,trungnam,LORA,7,125000,5.80,-107.00,921400000,1,45,16.171728,108.129440,282.0,3.00,,,gps,"Android11 App34:2021.12.17",trungnamtest
479440998,"2022-01-22 01:54:34.796+00",end-node1,relay-rf200,trungnam,LORA,7,125000,-5.00,-121.00,921400000,1,47,16.170218,108.128534,266.0,3.00,,,gps,"Android11 App34:2021.12.17",trungnamtest
479441160,"2022-01-22 01:55:31.418+00",end-node1,relay-rf200,7276ff002e0507da,LORA,7,125000,-7.20,-107.00,921400000,1,52,16.166468,108.125931,236.0,3.50,,,gps,"Android11 App34:2021.12.17",trungnamtest
479441385,"2022-01-22 01:57:01.301+00",end-node1,relay-rf200,7276ff002e0507da,LORA,7,125000,-4.80,-107.00,921400000,1,62,16.161066,108.129981,178.0,3.00,,,gps,"Android11 App34:2021.12.17",trungnamtest
479441623,"2022-01-22 01:58:33.835+00",end-node1,relay-rf200,7276ff002e0507da,LORA,7,125000,-8.50,-106.00,921400000,1,0,16.155116,108.133660,121.0,3.00,,,gps,"Android11 App34:2021.12.17",trungnamtest
479441838,"2022-01-22 01:59:51.12+00",end-node1,relay-rf200,7276ff002e0507da,LORA,7,125000,-1.80,-105.00,921400000,1,2,16.149002,108.134472,103.0,3.50,,,gps,"Android11 App34:2021.12.17",trungnamtest
479441939,"2022-01-22 02:00:36.402+00",end-node1,relay-rf200,trungnam,LORA,7,125000,7.50,-107.00,921400000,1,7,16.146042,108.137191,81.0,3.00,,,gps,"Android11 App34:2021.12.17",trungnamtest
479441949,"2022-01-22 02:00:46.104+00",end-node1,relay-rf200,trungnam,LORA,7,125000,8.50,-98.00,921400000,1,8,16.145256,108.136761,79.0,3.00,,,gps,"Android11 App34:2021.12.17",trungnamtest
479442001,"2022-01-22 02:00:55.085+00",end-node1,relay-rf200,7276ff002e0507da,LORA,7,125000,-0.50,-105.00,921400000,1,9,16.144626,108.136121,73.0,3.50,,,gps,"Android11 App34:2021.12.17",trungnamtest
479442039,"2022-01-22 02:01:13.278+00",end-node1,relay-rf200,trungnam,LORA,7,125000,8.80,-93.00,921400000,1,11,16.143520,108.135025,66.0,3.00,,,gps,"Android11 App34:2021.12.17",trungnamtest
479442075,"2022-01-22 02:01:23.016+00",end-node1,relay-rf200,trungnam,LORA,7,125000,-2.80,-116.00,921400000,1,12,16.142402,108.134955,61.0,3.00,,,gps,"Android11 App34:2021.12.17",trungnamtest
479442107,"2022-01-22 02:01:32.007+00",end-node1,relay-rf200,trungnam,LORA,7,125000,10.00,-100.00,921400000,1,13,16.142132,108.134890,58.0,3.00,,,gps,"Android11 App34:2021.12.17",trungnamtest
479442152,"2022-01-22 02:01:41.792+00",end-node1,relay-rf200,trungnam,LORA,7,125000,9.00,-90.00,921400000,1,14,16.141953,108.133909,56.0,4.00,,,gps,"Android11 App34:2021.12.17",trungnamtest
479442163,"2022-01-22 02:01:51.192+00",end-node1,relay-rf200,trungnam,LORA,7,125000,3.00,-113.00,921400000,1,15,16.142001,108.132999,52.0,3.50,,,gps,"Android11 App34:2021.12.17",trungnamtest
479442219,"2022-01-22 02:02:07.396+00",end-node1,relay-rf200,trungnam,LORA,7,125000,9.80,-92.00,921400000,1,17,16.142296,108.131385,37.0,2.50,,,gps,"Android11 App34:2021.12.17",trungnamtest
479442238,"2022-01-22 02:02:16.453+00",end-node1,relay-rf200,trungnam,LORA,7,125000,0.80,-100.00,921400000,1,18,16.142101,108.130794,32.0,3.00,,,gps,"Android11 App34:2021.12.17",trungnamtest
479442250,"2022-01-22 02:02:24.807+00",end-node1,relay-rf200,trungnam,LORA,7,125000,6.30,-107.00,921400000,1,19,16.142563,108.130201,30.0,3.00,,,gps,"Android11 App34:2021.12.17",trungnamtest
479442293,"2022-01-22 02:02:42.979+00",end-node1,relay-rf200,trungnam,LORA,7,125000,-0.50,-115.00,921400000,1,21,16.143748,108.130163,22.0,2.00,,,gps,"Android11 App34:2021.12.17",trungnamtest
479442336,"2022-01-22 02:02:51.234+00",end-node1,relay-rf200,trungnam,LORA,7,125000,7.50,-102.00,921400000,1,22,16.144033,108.129716,19.0,4.00,,,gps,"Android11 App34:2021.12.17",trungnamtest
479442358,"2022-01-22 02:02:59.344+00",end-node1,relay-rf200,trungnam,LORA,7,125000,7.80,-104.00,921400000,1,23,16.143465,108.129338,16.0,3.50,,,gps,"Android11 App34:2021.12.17",trungnamtest
479442378,"2022-01-22 02:03:08.419+00",end-node1,relay-rf200,trungnam,LORA,7,125000,8.00,-101.00,921400000,1,24,16.143084,108.128609,12.0,4.00,,,gps,"Android11 App34:2021.12.17",trungnamtest
479442396,"2022-01-22 02:03:17.025+00",end-node1,relay-rf200,trungnam,LORA,7,125000,7.80,-110.00,921400000,1,25,16.143459,108.127852,8.0,4.00,,,gps,"Android11 App34:2021.12.17",trungnamtest
479442424,"2022-01-22 02:03:26.224+00",end-node1,relay-rf200,trungnam,LORA,7,125000,7.30,-103.00,921400000,1,26,16.143368,108.127029,4.0,4.00,,,gps,"Android11 App34:2021.12.17",trungnamtest
479442447,"2022-01-22 02:03:35.821+00",end-node1,relay-rf200,trungnam,LORA,7,125000,6.00,-110.00,921400000,1,27,16.143283,108.126192,-1.0,3.50,,,gps,"Android11 App34:2021.12.17",trungnamtest
479442537,"2022-01-22 02:04:21.349+00",end-node1,relay-rf200,trungnam,LORA,7,125000,5.00,-105.00,921400000,1,32,16.143505,108.121630,-14.0,3.50,,,gps,"Android11 App34:2021.12.17",trungnamtest
479442550,"2022-01-22 02:04:30.939+00",end-node1,relay-rf200,7276ff002e0507da,LORA,7,125000,-8.20,-109.00,921400000,1,33,16.142880,108.120803,-15.0,3.00,,,gps,"Android11 App34:2021.12.17",trungnamtest
479442566,"2022-01-22 02:04:39.615+00",end-node1,relay-rf200,trungnam,LORA,7,125000,-5.00,-119.00,921400000,1,34,16.142146,108.120459,-16.0,3.00,,,gps,"Android11 App34:2021.12.17",trungnamtest
479442737,"2022-01-22 02:05:27.169+00",end-node1,relay-rf200,trungnam,LORA,7,125000,3.80,-112.00,921400000,1,38,16.136600,108.119706,-10.0,3.50,,,gps,"Android11 App34:2021.12.17",trungnamtest
479442738,"2022-01-22 02:05:27.169+00",end-node1,relay-rf200,7276ff002e0507da,LORA,7,125000,-8.80,-106.00,921400000,1,38,16.136600,108.119706,-10.0,3.50,,,gps,"Android11 App34:2021.12.17",trungnamtest
479442817,"2022-01-22 02:06:04.012+00",end-node1,relay-rf200,trungnam,LORA,7,125000,3.30,-112.00,921400000,1,42,16.132793,108.119554,-10.0,3.50,,,gps,"Android11 App34:2021.12.17",trungnamtest
479442818,"2022-01-22 02:06:04.012+00",end-node1,relay-rf200,7276ff002e0507da,LORA,7,125000,-4.50,-109.00,921400000,1,42,16.132793,108.119554,-10.0,3.50,,,gps,"Android11 App34:2021.12.17",trungnamtest
479442876,"2022-01-22 02:06:31.292+00",end-node1,relay-rf200,trungnam,LORA,7,125000,1.00,-113.00,921400000,1,45,16.130106,108.119428,-12.0,3.00,,,gps,"Android11 App34:2021.12.17",trungnamtest
479442911,"2022-01-22 02:06:41.131+00",end-node1,relay-rf200,trungnam,LORA,7,125000,2.80,-112.00,921400000,1,46,16.129166,108.119421,-13.0,3.00,,,gps,"Android11 App34:2021.12.17",trungnamtest
479442936,"2022-01-22 02:06:50.377+00",end-node1,relay-rf200,trungnam,LORA,7,125000,6.30,-112.00,921400000,1,47,16.128295,108.119362,-12.0,3.50,,,gps,"Android11 App34:2021.12.17",trungnamtest
479443016,"2022-01-22 02:07:29.176+00",end-node1,relay-rf200,trungnam,LORA,7,125000,0.80,-111.00,921400000,1,50,16.127741,108.119304,-8.0,3.00,,,gps,"Android11 App34:2021.12.17",trungnamtest
479443029,"2022-01-22 02:07:33.276+00",end-node1,relay-rf200,trungnam,LORA,7,125000,2.80,-113.00,921400000,1,0,16.127464,108.119283,-8.0,3.50,,,gps,"Android11 App34:2021.12.17",trungnamtest
479443055,"2022-01-22 02:07:48.362+00",end-node1,relay-rf200,trungnam,LORA,7,125000,7.80,-106.00,921400000,1,1,16.126082,108.119561,-9.0,3.00,,,gps,"Android11 App34:2021.12.17",trungnamtest
479443069,"2022-01-22 02:07:57.606+00",end-node1,relay-rf200,7276ff002e0507da,LORA,7,125000,-2.20,-104.00,921400000,1,2,16.125323,108.120040,-11.0,2.50,,,gps,"Android11 App34:2021.12.17",trungnamtest
479443120,"2022-01-22 02:08:07.257+00",end-node1,relay-rf200,trungnam,LORA,7,125000,9.30,-94.00,921400000,1,3,16.124479,108.120584,-12.0,2.00,,,gps,"Android11 App34:2021.12.17",trungnamtest
479443121,"2022-01-22 02:08:07.257+00",end-node1,relay-rf200,7276ff002e0507da,LORA,7,125000,-6.80,-106.00,921400000,1,3,16.124479,108.120584,-12.0,2.00,,,gps,"Android11 App34:2021.12.17",trungnamtest
479443141,"2022-01-22 02:08:16.514+00",end-node1,relay-rf200,trungnam,LORA,7,125000,9.80,-98.00,921400000,1,4,16.123813,108.121033,-13.0,2.50,,,gps,"Android11 App34:2021.12.17",trungnamtest
479443167,"2022-01-22 02:08:34.39+00",end-node1,relay-rf200,trungnam,LORA,7,125000,4.50,-114.00,921400000,1,6,16.123404,108.120714,-12.0,4.00,,,gps,"Android11 App34:2021.12.17",trungnamtest
479443230,"2022-01-22 02:08:47.496+00",end-node1,relay-rf200,trungnam,LORA,7,125000,-1.80,-116.00,921400000,1,1,16.122879,108.119784,-15.0,4.00,,,gps,"Android11 App34:2021.12.17",trungnamtest
479443260,"2022-01-22 02:08:56.74+00",end-node1,relay-rf200,7276ff002e0507da,LORA,7,125000,-8.80,-107.00,921400000,1,2,16.122487,108.119123,-17.0,3.50,,,gps,"Android11 App34:2021.12.17",trungnamtest
479443302,"2022-01-22 02:09:15.573+00",end-node1,relay-rf200,trungnam,LORA,7,125000,5.80,-110.00,921400000,1,4,16.121733,108.117670,-15.0,3.00,,,gps,"Android11 App34:2021.12.17",trungnamtest
479443341,"2022-01-22 02:09:25.5+00",end-node1,relay-rf200,trungnam,LORA,7,125000,3.30,-110.00,921400000,1,5,16.121329,108.116788,-14.0,3.50,,,gps,"Android11 App34:2021.12.17",trungnamtest
479443382,"2022-01-22 02:09:42.878+00",end-node1,relay-rf200,trungnam,LORA,7,125000,3.50,-108.00,921400000,1,7,16.120717,108.115262,-11.0,3.50,,,gps,"Android11 App34:2021.12.17",trungnamtest
479443428,"2022-01-22 02:10:02.055+00",end-node1,relay-rf200,trungnam,LORA,7,125000,4.80,-107.00,921400000,1,9,16.120158,108.114371,-12.0,3.50,,,gps,"Android11 App34:2021.12.17",trungnamtest
479443446,"2022-01-22 02:10:11.299+00",end-node1,relay-rf200,trungnam,LORA,7,125000,-0.50,-111.00,921400000,1,10,16.119742,108.114422,-12.0,3.50,,,gps,"Android11 App34:2021.12.17",trungnamtest
479443460,"2022-01-22 02:10:20.951+00",end-node1,relay-rf200,trungnam,LORA,7,125000,4.00,-107.00,921400000,1,11,16.119102,108.114443,-11.0,3.50,,,gps,"Android11 App34:2021.12.17",trungnamtest
479443475,"2022-01-22 02:10:30.5+00",end-node1,relay-rf200,trungnam,LORA,7,125000,6.30,-104.00,921400000,1,12,16.118374,108.114590,-11.0,3.50,,,gps,"Android11 App34:2021.12.17",trungnamtest
479443559,"2022-01-22 02:10:49.694+00",end-node1,relay-rf200,trungnam,LORA,7,125000,7.30,-104.00,921400000,1,14,16.117052,108.114307,-6.0,3.50,,,gps,"Android11 App34:2021.12.17",trungnamtest
479443587,"2022-01-22 02:10:57.793+00",end-node1,relay-rf200,trungnam,LORA,7,125000,9.80,-100.00,921400000,1,15,16.116922,108.113571,-7.0,3.00,,,gps,"Android11 App34:2021.12.17",trungnamtest
479443604,"2022-01-22 02:11:07.325+00",end-node1,relay-rf200,trungnam,LORA,7,125000,5.80,-107.00,921400000,1,16,16.116782,108.112542,-8.0,3.50,,,gps,"Android11 App34:2021.12.17",trungnamtest
479443666,"2022-01-22 02:11:16.432+00",end-node1,relay-rf200,7276ff002e0507da,LORA,7,125000,-2.50,-107.00,921400000,1,17,16.116729,108.111614,-5.0,3.50,,,gps,"Android11 App34:2021.12.17",trungnamtest
479443665,"2022-01-22 02:11:16.432+00",end-node1,relay-rf200,trungnam,LORA,7,125000,4.80,-101.00,921400000,1,17,16.116729,108.111614,-5.0,3.50,,,gps,"Android11 App34:2021.12.17",trungnamtest
479443684,"2022-01-22 02:11:25.065+00",end-node1,relay-rf200,trungnam,LORA,7,125000,4.80,-107.00,921400000,1,18,16.116727,108.110661,-8.0,4.00,,,gps,"Android11 App34:2021.12.17",trungnamtest
479443719,"2022-01-22 02:11:42.881+00",end-node1,relay-rf200,trungnam,LORA,7,125000,-4.50,-117.00,921400000,1,20,16.117142,108.109022,-12.0,3.50,,,gps,"Android11 App34:2021.12.17",trungnamtest
479443764,"2022-01-22 02:11:57.998+00",end-node1,relay-rf200,trungnam,LORA,7,125000,-6.50,-120.00,921400000,1,1,16.117720,108.108189,-19.0,3.50,,,gps,"Android11 App34:2021.12.17",trungnamtest
479443785,"2022-01-22 02:12:06.394+00",end-node1,relay-rf200,trungnam,LORA,7,125000,2.50,-111.00,921400000,1,2,16.117443,108.107895,-19.0,3.50,,,gps,"Android11 App34:2021.12.17",trungnamtest
479443803,"2022-01-22 02:12:15.351+00",end-node1,relay-rf200,trungnam,LORA,7,125000,8.00,-106.00,921400000,1,3,16.116927,108.107497,-16.0,3.00,,,gps,"Android11 App34:2021.12.17",trungnamtest
479443867,"2022-01-22 02:12:37.35+00",end-node1,relay-rf200,trungnam,LORA,7,125000,0.30,-114.00,921400000,1,2,16.116319,108.105723,-18.0,3.50,,,gps,"Android11 App34:2021.12.17",trungnamtest
479443906,"2022-01-22 02:12:46.473+00",end-node1,relay-rf200,trungnam,LORA,7,125000,4.80,-102.00,921400000,1,3,16.116210,108.104994,-15.0,3.50,,,gps,"Android11 App34:2021.12.17",trungnamtest
479443934,"2022-01-22 02:12:55.195+00",end-node1,relay-rf200,7276ff002e0507da,LORA,7,125000,-1.80,-106.00,921400000,1,4,16.116082,108.104198,-16.0,3.50,,,gps,"Android11 App34:2021.12.17",trungnamtest
479443987,"2022-01-22 02:13:12.499+00",end-node1,relay-rf200,trungnam,LORA,7,125000,3.80,-110.00,921400000,1,6,16.115786,108.102940,-12.0,3.50,,,gps,"Android11 App34:2021.12.17",trungnamtest
479444003,"2022-01-22 02:13:22.236+00",end-node1,relay-rf200,trungnam,LORA,7,125000,3.30,-118.00,921400000,1,7,16.115602,108.102147,-7.0,3.00,,,gps,"Android11 App34:2021.12.17",trungnamtest
479444076,"2022-01-22 02:13:58.034+00",end-node1,relay-rf200,trungnam,LORA,7,125000,-0.50,-111.00,921400000,1,11,16.114349,108.098927,2.0,3.50,,,gps,"Android11 App34:2021.12.17",trungnamtest
479444088,"2022-01-22 02:14:06.754+00",end-node1,relay-rf200,trungnam,LORA,7,125000,1.30,-116.00,921400000,1,12,16.114081,108.098138,2.0,4.00,,,gps,"Android11 App34:2021.12.17",trungnamtest
479444098,"2022-01-22 02:14:16.687+00",end-node1,relay-rf200,trungnam,LORA,7,125000,2.00,-114.00,921400000,1,13,16.113757,108.097109,0.0,3.50,,,gps,"Android11 App34:2021.12.17",trungnamtest
479444118,"2022-01-22 02:14:25.442+00",end-node1,relay-rf200,7276ff002e0507da,LORA,7,125000,-2.80,-107.00,921400000,1,14,16.113341,108.096269,0.0,3.50,,,gps,"Android11 App34:2021.12.17",trungnamtest
479444117,"2022-01-22 02:14:25.442+00",end-node1,relay-rf200,trungnam,LORA,7,125000,3.80,-114.00,921400000,1,14,16.113341,108.096269,0.0,3.50,,,gps,"Android11 App34:2021.12.17",trungnamtest
479444171,"2022-01-22 02:14:34.019+00",end-node1,relay-rf200,trungnam,LORA,7,125000,3.50,-111.00,921400000,1,15,16.113206,108.095503,-2.0,3.00,,,gps,"Android11 App34:2021.12.17",trungnamtest
479445649,"2022-01-22 02:23:43.478+00",end-node1,relay-rf200,7276ff002e0507da,LORA,7,125000,2.80,-107.00,921400000,1,34,16.113746,108.097220,-11.0,3.00,,,gps,"Android11 App34:2021.12.17",trungnamtest
479445648,"2022-01-22 02:23:43.478+00",end-node1,relay-rf200,trungnam,LORA,7,125000,3.50,-114.00,921400000,1,34,16.113746,108.097220,-11.0,3.00,,,gps,"Android11 App34:2021.12.17",trungnamtest
479445667,"2022-01-22 02:23:52.977+00",end-node1,relay-rf200,trungnam,LORA,7,125000,7.30,-107.00,921400000,1,35,16.114084,108.098243,-12.0,3.00,,,gps,"Android11 App34:2021.12.17",trungnamtest
479445668,"2022-01-22 02:23:52.977+00",end-node1,relay-rf200,7276ff002e0507da,LORA,7,125000,-2.00,-106.00,921400000,1,35,16.114084,108.098243,-12.0,3.00,,,gps,"Android11 App34:2021.12.17",trungnamtest
479445710,"2022-01-22 02:24:01.669+00",end-node1,relay-rf200,trungnam,LORA,7,125000,0.50,-109.00,921400000,1,36,16.114382,108.099111,-12.0,3.00,,,gps,"Android11 App34:2021.12.17",trungnamtest
479445711,"2022-01-22 02:24:01.669+00",end-node1,relay-rf200,7276ff002e0507da,LORA,7,125000,-1.00,-106.00,921400000,1,36,16.114382,108.099111,-12.0,3.00,,,gps,"Android11 App34:2021.12.17",trungnamtest
479445772,"2022-01-22 02:24:28.018+00",end-node1,relay-rf200,7276ff002e0507da,LORA,7,125000,-7.80,-107.00,921400000,1,38,16.115592,108.102138,-7.0,2.50,,,gps,"Android11 App34:2021.12.17",trungnamtest
479445771,"2022-01-22 02:24:28.018+00",end-node1,relay-rf200,trungnam,LORA,7,125000,-1.80,-114.00,921400000,1,38,16.115592,108.102138,-7.0,2.50,,,gps,"Android11 App34:2021.12.17",trungnamtest
479445846,"2022-01-22 02:24:55.203+00",end-node1,relay-rf200,7276ff002e0507da,LORA,7,125000,0.00,-105.00,921400000,1,41,16.116190,108.104990,-12.0,3.00,,,gps,"Android11 App34:2021.12.17",trungnamtest
479445845,"2022-01-22 02:24:55.203+00",end-node1,relay-rf200,trungnam,LORA,7,125000,8.00,-108.00,921400000,1,41,16.116190,108.104990,-12.0,3.00,,,gps,"Android11 App34:2021.12.17",trungnamtest
479445912,"2022-01-22 02:25:12.678+00",end-node1,relay-rf200,trungnam,LORA,7,125000,5.80,-108.00,921400000,1,43,16.116486,108.106697,-15.0,2.50,,,gps,"Android11 App34:2021.12.17",trungnamtest
479445931,"2022-01-22 02:25:21.347+00",end-node1,relay-rf200,trungnam,LORA,7,125000,8.50,-94.00,921400000,1,44,16.116865,108.107479,-18.0,2.50,,,gps,"Android11 App34:2021.12.17",trungnamtest
479445993,"2022-01-22 02:25:48.189+00",end-node1,relay-rf200,trungnam,LORA,7,125000,-2.50,-119.00,921400000,1,0,16.117190,108.108832,-20.0,3.00,,,gps,"Android11 App34:2021.12.17",trungnamtest
479446004,"2022-01-22 02:25:57.023+00",end-node1,relay-rf200,trungnam,LORA,7,125000,8.30,-96.00,921400000,1,1,16.116723,108.109450,-19.0,3.00,,,gps,"Android11 App34:2021.12.17",trungnamtest
479446115,"2022-01-22 02:26:42.358+00",end-node1,relay-rf200,7276ff002e0507da,LORA,7,125000,-2.20,-107.00,921400000,1,6,16.116880,108.113477,-16.0,3.00,,,gps,"Android11 App34:2021.12.17",trungnamtest
479446114,"2022-01-22 02:26:42.358+00",end-node1,relay-rf200,trungnam,LORA,7,125000,8.50,-94.00,921400000,1,6,16.116880,108.113477,-16.0,3.00,,,gps,"Android11 App34:2021.12.17",trungnamtest
479446159,"2022-01-22 02:26:51.771+00",end-node1,relay-rf200,trungnam,LORA,7,125000,9.00,-94.00,921400000,1,7,16.117009,108.114311,-18.0,2.50,,,gps,"Android11 App34:2021.12.17",trungnamtest
479446160,"2022-01-22 02:26:51.771+00",end-node1,relay-rf200,7276ff002e0507da,LORA,7,125000,1.00,-103.00,921400000,1,7,16.117009,108.114311,-18.0,2.50,,,gps,"Android11 App34:2021.12.17",trungnamtest
479446201,"2022-01-22 02:27:01.624+00",end-node1,relay-rf200,trungnam,LORA,7,125000,7.00,-99.00,921400000,1,8,16.117492,108.114813,-20.0,3.00,,,gps,"Android11 App34:2021.12.17",trungnamtest
479446321,"2022-01-22 02:27:47.138+00",end-node1,relay-rf200,trungnam,LORA,7,125000,3.30,-113.00,921400000,1,13,16.120438,108.114815,-20.0,3.00,,,gps,"Android11 App34:2021.12.17",trungnamtest
479446336,"2022-01-22 02:27:56.925+00",end-node1,relay-rf200,trungnam,LORA,7,125000,0.30,-116.00,921400000,1,14,16.120759,108.115470,-21.0,3.00,,,gps,"Android11 App34:2021.12.17",trungnamtest
479446363,"2022-01-22 02:28:06.495+00",end-node1,relay-rf200,trungnam,LORA,7,125000,1.80,-109.00,921400000,1,15,16.121067,108.116170,-22.0,3.00,,,gps,"Android11 App34:2021.12.17",trungnamtest
479446417,"2022-01-22 02:28:24.861+00",end-node1,relay-rf200,trungnam,LORA,7,125000,-2.00,-116.00,921400000,1,17,16.121706,108.117618,-22.0,2.50,,,gps,"Android11 App34:2021.12.17",trungnamtest
479446456,"2022-01-22 02:28:34.534+00",end-node1,relay-rf200,trungnam,LORA,7,125000,1.00,-114.00,921400000,1,18,16.122049,108.118327,-22.0,2.50,,,gps,"Android11 App34:2021.12.17",trungnamtest
479446474,"2022-01-22 02:28:44.342+00",end-node1,relay-rf200,trungnam,LORA,7,125000,-1.30,-115.00,921400000,1,19,16.122390,108.118970,-24.0,2.50,,,gps,"Android11 App34:2021.12.17",trungnamtest
479446527,"2022-01-22 02:28:53.333+00",end-node1,relay-rf200,7276ff002e0507da,LORA,7,125000,-2.50,-106.00,921400000,1,20,16.122682,108.119533,-24.0,2.50,,,gps,"Android11 App34:2021.12.17",trungnamtest
479446526,"2022-01-22 02:28:53.333+00",end-node1,relay-rf200,trungnam,LORA,7,125000,5.50,-110.00,921400000,1,20,16.122682,108.119533,-24.0,2.50,,,gps,"Android11 App34:2021.12.17",trungnamtest
479446574,"2022-01-22 02:29:10.661+00",end-node1,relay-rf200,trungnam,LORA,7,125000,0.80,-116.00,921400000,1,22,16.123155,108.120410,-24.0,3.00,,,gps,"Android11 App34:2021.12.17",trungnamtest
479446594,"2022-01-22 02:29:19.318+00",end-node1,relay-rf200,7276ff002e0507da,LORA,7,125000,-7.50,-106.00,921400000,1,23,16.123456,108.120906,-22.0,3.00,,,gps,"Android11 App34:2021.12.17",trungnamtest
479446593,"2022-01-22 02:29:19.318+00",end-node1,relay-rf200,trungnam,LORA,7,125000,4.80,-105.00,921400000,1,23,16.123456,108.120906,-22.0,3.00,,,gps,"Android11 App34:2021.12.17",trungnamtest
479446631,"2022-01-22 02:29:27.954+00",end-node1,relay-rf200,trungnam,LORA,7,125000,9.80,-96.00,921400000,1,24,16.123507,108.121215,-20.0,3.50,,,gps,"Android11 App34:2021.12.17",trungnamtest
479446673,"2022-01-22 02:29:37.577+00",end-node1,relay-rf200,trungnam,LORA,7,125000,8.50,-101.00,921400000,1,25,16.122790,108.121646,-15.0,3.50,,,gps,"Android11 App34:2021.12.17",trungnamtest
479446703,"2022-01-22 02:29:47.161+00",end-node1,relay-rf200,7276ff002e0507da,LORA,7,125000,-3.80,-107.00,921400000,1,26,16.121714,108.122398,-11.0,3.00,,,gps,"Android11 App34:2021.12.17",trungnamtest
479446702,"2022-01-22 02:29:47.161+00",end-node1,relay-rf200,trungnam,LORA,7,125000,8.30,-98.00,921400000,1,26,16.121714,108.122398,-11.0,3.00,,,gps,"Android11 App34:2021.12.17",trungnamtest
479446712,"2022-01-22 02:29:51.322+00",end-node1,relay-rf200,7276ff002e0507da,LORA,7,125000,3.20,-104.00,921400000,1,0,16.121224,108.122725,-11.0,3.00,,,gps,"Android11 App34:2021.12.17",trungnamtest
479446773,"2022-01-22 02:30:01.103+00",end-node1,relay-rf200,trungnam,LORA,7,125000,8.00,-95.00,921400000,1,1,16.120006,108.123578,-14.0,3.00,,,gps,"Android11 App34:2021.12.17",trungnamtest
479446801,"2022-01-22 02:30:04.187+00",end-node1,relay-rf200,trungnam,LORA,7,125000,8.30,-102.00,921400000,1,0,16.119651,108.123847,-15.0,2.50,,,gps,"Android11 App34:2021.12.17",trungnamtest
479446820,"2022-01-22 02:30:13.129+00",end-node1,relay-rf200,trungnam,LORA,7,125000,8.30,-98.00,921400000,1,1,16.118634,108.124606,-15.0,2.50,,,gps,"Android11 App34:2021.12.17",trungnamtest
479446821,"2022-01-22 02:30:13.129+00",end-node1,relay-rf200,7276ff002e0507da,LORA,7,125000,-3.80,-104.00,921400000,1,1,16.118634,108.124606,-15.0,2.50,,,gps,"Android11 App34:2021.12.17",trungnamtest
479446840,"2022-01-22 02:30:21.761+00",end-node1,relay-rf200,trungnam,LORA,7,125000,6.50,-105.00,921400000,1,2,16.117760,108.125195,-15.0,2.50,,,gps,"Android11 App34:2021.12.17",trungnamtest
479446885,"2022-01-22 02:30:31.58+00",end-node1,relay-rf200,trungnam,LORA,7,125000,6.80,-95.00,921400000,1,3,16.116678,108.125647,-12.0,3.00,,,gps,"Android11 App34:2021.12.17",trungnamtest
479446902,"2022-01-22 02:30:40.293+00",end-node1,relay-rf200,trungnam,LORA,7,125000,8.30,-108.00,921400000,1,4,16.115767,108.126071,-13.0,2.50,,,gps,"Android11 App34:2021.12.17",trungnamtest
479446939,"2022-01-22 02:30:48.461+00",end-node1,relay-rf200,trungnam,LORA,7,125000,9.00,-98.00,921400000,1,5,16.115071,108.126639,-13.0,3.00,,,gps,"Android11 App34:2021.12.17",trungnamtest
479446975,"2022-01-22 02:30:58.43+00",end-node1,relay-rf200,trungnam,LORA,7,125000,8.30,-95.00,921400000,1,6,16.114249,108.127294,-10.0,3.00,,,gps,"Android11 App34:2021.12.17",trungnamtest
479446988,"2022-01-22 02:31:01.671+00",end-node1,relay-rf200,trungnam,LORA,7,125000,9.30,-88.00,921400000,1,0,16.114008,108.127508,-9.0,3.00,,,gps,"Android11 App34:2021.12.17",trungnamtest
479447010,"2022-01-22 02:31:10.638+00",end-node1,relay-rf200,trungnam,LORA,7,125000,8.50,-92.00,921400000,1,1,16.113145,108.128221,-6.0,3.00,,,gps,"Android11 App34:2021.12.17",trungnamtest
479447047,"2022-01-22 02:31:18.996+00",end-node1,relay-rf200,trungnam,LORA,7,125000,9.00,-104.00,921400000,1,2,16.112292,108.128900,-6.0,2.50,,,gps,"Android11 App34:2021.12.17",trungnamtest
479447075,"2022-01-22 02:31:28.738+00",end-node1,relay-rf200,trungnam,LORA,7,125000,8.80,-74.00,921400000,1,3,16.111372,108.129343,-2.0,2.50,,,gps,"Android11 App34:2021.12.17",trungnamtest
479447105,"2022-01-22 02:31:38.6+00",end-node1,relay-rf200,trungnam,LORA,7,125000,9.80,-92.00,921400000,1,4,16.110400,108.129685,-6.0,3.00,,,gps,"Android11 App34:2021.12.17",trungnamtest
479447125,"2022-01-22 02:31:48.45+00",end-node1,relay-rf200,7276ff002e0507da,LORA,7,125000,-1.20,-107.00,921400000,1,5,16.109600,108.130028,-8.0,3.00,,,gps,"Android11 App34:2021.12.17",trungnamtest
479447124,"2022-01-22 02:31:48.45+00",end-node1,relay-rf200,trungnam,LORA,7,125000,8.50,-96.00,921400000,1,5,16.109600,108.130028,-8.0,3.00,,,gps,"Android11 App34:2021.12.17",trungnamtest
479447147,"2022-01-22 02:31:58.262+00",end-node1,relay-rf200,trungnam,LORA,7,125000,8.80,-100.00,921400000,1,6,16.109162,108.130013,-4.0,4.50,,,gps,"Android11 App34:2021.12.17",trungnamtest
479447188,"2022-01-22 02:32:06.834+00",end-node1,relay-rf200,7276ff002e0507da,LORA,7,125000,-6.80,-104.00,921400000,1,7,16.108829,108.129340,-7.0,3.50,,,gps,"Android11 App34:2021.12.17",trungnamtest
479447218,"2022-01-22 02:32:15.705+00",end-node1,relay-rf200,trungnam,LORA,7,125000,7.00,-108.00,921400000,1,8,16.108467,108.128729,-11.0,3.00,,,gps,"Android11 App34:2021.12.17",trungnamtest
479447247,"2022-01-22 02:32:24.672+00",end-node1,relay-rf200,trungnam,LORA,7,125000,4.30,-102.00,921400000,1,9,16.107994,108.127974,-13.0,3.00,,,gps,"Android11 App34:2021.12.17",trungnamtest
479447254,"2022-01-22 02:32:28.646+00",end-node1,relay-rf200,trungnam,LORA,7,125000,8.80,-102.00,921400000,1,0,16.107740,108.127623,-11.0,3.00,,,gps,"Android11 App34:2021.12.17",trungnamtest
479447352,"2022-01-22 02:32:55.389+00",end-node1,relay-rf200,trungnam,LORA,7,125000,4.50,-100.00,921400000,1,2,16.106028,108.125190,-9.0,2.50,,,gps,"Android11 App34:2021.12.17",trungnamtest
479447380,"2022-01-22 02:33:04.359+00",end-node1,relay-rf200,trungnam,LORA,7,125000,4.50,-104.00,921400000,1,3,16.105449,108.124321,-8.0,2.50,,,gps,"Android11 App34:2021.12.17",trungnamtest
479447456,"2022-01-22 02:33:22.812+00",end-node1,relay-rf200,trungnam,LORA,7,125000,6.80,-104.00,921400000,1,5,16.104204,108.122375,-5.0,2.50,,,gps,"Android11 App34:2021.12.17",trungnamtest
479447473,"2022-01-22 02:33:32.023+00",end-node1,relay-rf200,trungnam,LORA,7,125000,7.80,-101.00,921400000,1,6,16.103651,108.121498,-7.0,3.00,,,gps,"Android11 App34:2021.12.17",trungnamtest
479447485,"2022-01-22 02:33:35.829+00",end-node1,relay-rf200,7276ff002e0507da,LORA,7,125000,1.00,-107.00,921400000,1,0,16.103545,108.121141,-6.3,14.67,,,network,"Android11 App34:2021.12.17",trungnamtest
479447484,"2022-01-22 02:33:35.829+00",end-node1,relay-rf200,trungnam,LORA,7,125000,7.80,-110.00,921400000,1,0,16.103545,108.121141,-6.3,14.67,,,network,"Android11 App34:2021.12.17",trungnamtest
479447504,"2022-01-22 02:33:45.806+00",end-node1,relay-rf200,trungnam,LORA,7,125000,5.80,-106.00,921400000,1,1,16.102836,108.120199,-5.0,3.00,,,gps,"Android11 App34:2021.12.17",trungnamtest
479447568,"2022-01-22 02:34:11.552+00",end-node1,relay-rf200,trungnam,LORA,7,125000,6.30,-96.00,921400000,1,4,16.101185,108.117580,-6.0,2.50,,,gps,"Android11 App34:2021.12.17",trungnamtest
479447589,"2022-01-22 02:34:20.774+00",end-node1,relay-rf200,trungnam,LORA,7,125000,6.00,-113.00,921400000,1,5,16.100624,108.116689,-6.0,2.50,,,gps,"Android11 App34:2021.12.17",trungnamtest
479447690,"2022-01-22 02:34:37.689+00",end-node1,relay-rf200,trungnam,LORA,7,125000,2.50,-107.00,921400000,1,7,16.099308,108.115239,-8.0,2.50,,,gps,"Android11 App34:2021.12.17",trungnamtest
479447804,"2022-01-22 02:35:12.814+00",end-node1,relay-rf200,trungnam,LORA,7,125000,-1.80,-118.00,921400000,1,11,16.095860,108.112204,-4.0,3.00,,,gps,"Android11 App34:2021.12.17",trungnamtest
479447890,"2022-01-22 02:35:40.272+00",end-node1,relay-rf200,trungnam,LORA,7,125000,-0.30,-113.00,921400000,1,14,16.093311,108.110021,-9.0,3.00,,,gps,"Android11 App34:2021.12.17",trungnamtest
479448493,"2022-01-22 02:38:49.007+00",end-node1,relay-rf200,7276ff002e0507da,LORA,7,125000,-7.00,-107.00,921400000,1,4,16.083075,108.100741,-6.0,4.00,,,gps,"Android11 App34:2021.12.17",trungnamtest
479448580,"2022-01-22 02:39:12.873+00",end-node1,relay-rf200,7276ff002e0507da,LORA,7,125000,-0.20,-106.00,921400000,1,0,16.082698,108.100440,-6.0,3.50,,,gps,"Android11 App34:2021.12.17",trungnamtest
479448756,"2022-01-22 02:40:10.032+00",end-node1,relay-rf200,trungnam,LORA,7,125000,-5.00,-123.00,921400000,1,5,16.079422,108.098011,-10.0,3.50,,,gps,"Android11 App34:2021.12.17",trungnamtest
479449329,"2022-01-22 02:43:36.47+00",end-node1,relay-rf200,7276ff002e0507da,LORA,7,125000,-4.20,-109.00,921400000,1,1,16.074733,108.100222,-9.0,3.50,,,gps,"Android11 App34:2021.12.17",trungnamtest
479449670,"2022-01-22 02:45:39.372+00",end-node1,relay-rf200,7276ff002e0507da,LORA,7,125000,-3.00,-103.00,921400000,1,15,16.073104,108.104244,-18.0,3.50,,,gps,"Android11 App34:2021.12.17",trungnamtest
479449825,"2022-01-22 02:46:42.552+00",end-node1,relay-rf200,7276ff002e0507da,LORA,7,125000,-6.80,-107.00,921400000,1,22,16.069665,108.105424,-9.0,3.50,,,gps,"Android11 App34:2021.12.17",trungnamtest
479450029,"2022-01-22 02:48:08.466+00",end-node1,relay-rf200,trungnam,LORA,7,125000,-3.00,-117.00,921400000,1,31,16.075716,108.110475,-15.0,3.50,,,gps,"Android11 App34:2021.12.17",trungnamtest
479450081,"2022-01-22 02:48:18.61+00",end-node1,relay-rf200,7276ff002e0507da,LORA,7,125000,-7.00,-106.00,921400000,1,32,16.075354,108.110977,-14.0,3.50,,,gps,"Android11 App34:2021.12.17",trungnamtest
479450129,"2022-01-22 02:48:36.749+00",end-node1,relay-rf200,trungnam,LORA,7,125000,-1.30,-113.00,921400000,1,34,16.074795,108.111986,-10.0,3.50,,,gps,"Android11 App34:2021.12.17",trungnamtest
479450225,"2022-01-22 02:49:13.549+00",end-node1,relay-rf200,7276ff002e0507da,LORA,7,125000,-7.00,-107.00,921400000,1,37,16.077139,108.113864,-12.0,3.00,,,gps,"Android11 App34:2021.12.17",trungnamtest
479450224,"2022-01-22 02:49:13.549+00",end-node1,relay-rf200,trungnam,LORA,7,125000,-0.30,-111.00,921400000,1,37,16.077139,108.113864,-12.0,3.00,,,gps,"Android11 App34:2021.12.17",trungnamtest
479450328,"2022-01-22 02:49:51.266+00",end-node1,relay-rf200,trungnam,LORA,7,125000,1.80,-111.00,921400000,1,41,16.080688,108.116409,-15.0,3.00,,,gps,"Android11 App34:2021.12.17",trungnamtest
479450343,"2022-01-22 02:50:00.134+00",end-node1,relay-rf200,7276ff002e0507da,LORA,7,125000,-4.80,-106.00,921400000,1,42,16.081510,108.117126,-15.0,2.50,,,gps,"Android11 App34:2021.12.17",trungnamtest
479450361,"2022-01-22 02:50:09.561+00",end-node1,relay-rf200,trungnam,LORA,7,125000,3.00,-116.00,921400000,1,43,16.082199,108.117765,-16.0,2.50,,,gps,"Android11 App34:2021.12.17",trungnamtest
479450392,"2022-01-22 02:50:19.121+00",end-node1,relay-rf200,trungnam,LORA,7,125000,3.50,-110.00,921400000,1,44,16.082306,108.117879,-16.0,4.00,,,gps,"Android11 App34:2021.12.17",trungnamtest
479450436,"2022-01-22 02:50:29.08+00",end-node1,relay-rf200,trungnam,LORA,7,125000,0.50,-113.00,921400000,1,45,16.082306,108.117879,-16.0,3.50,,,gps,"Android11 App34:2021.12.17",trungnamtest
479450455,"2022-01-22 02:50:38.192+00",end-node1,relay-rf200,trungnam,LORA,7,125000,2.00,-112.00,921400000,1,46,16.082306,108.117879,-16.0,3.50,,,gps,"Android11 App34:2021.12.17",trungnamtest
479450499,"2022-01-22 02:50:55.857+00",end-node1,relay-rf200,trungnam,LORA,7,125000,6.00,-106.00,921400000,1,48,16.083268,108.118734,-10.0,2.00,,,gps,"Android11 App34:2021.12.17",trungnamtest
479450519,"2022-01-22 02:51:04.724+00",end-node1,relay-rf200,trungnam,LORA,7,125000,8.30,-101.00,921400000,1,49,16.084162,108.119535,-8.0,2.00,,,gps,"Android11 App34:2021.12.17",trungnamtest
479450574,"2022-01-22 02:51:24.406+00",end-node1,relay-rf200,trungnam,LORA,7,125000,3.50,-110.00,921400000,1,50,16.086115,108.121266,-12.0,2.50,,,gps,"Android11 App34:2021.12.17",trungnamtest
479450616,"2022-01-22 02:51:34.157+00",end-node1,relay-rf200,trungnam,LORA,7,125000,2.50,-111.00,921400000,1,51,16.087025,108.122088,-13.0,2.50,,,gps,"Android11 App34:2021.12.17",trungnamtest
479450631,"2022-01-22 02:51:43.151+00",end-node1,relay-rf200,trungnam,LORA,7,125000,0.50,-111.00,921400000,1,52,16.087536,108.122578,-12.0,3.00,,,gps,"Android11 App34:2021.12.17",trungnamtest
479450644,"2022-01-22 02:51:51.322+00",end-node1,relay-rf200,trungnam,LORA,7,125000,3.80,-110.00,921400000,1,53,16.087718,108.122697,-11.0,3.50,,,gps,"Android11 App34:2021.12.17",trungnamtest
479450723,"2022-01-22 02:52:10.034+00",end-node1,relay-rf200,trungnam,LORA,7,125000,5.80,-110.00,921400000,1,55,16.088563,108.123451,-10.0,3.00,,,gps,"Android11 App34:2021.12.17",trungnamtest
479450752,"2022-01-22 02:52:19.725+00",end-node1,relay-rf200,trungnam,LORA,7,125000,8.00,-98.00,921400000,1,56,16.089488,108.124271,-11.0,3.00,,,gps,"Android11 App34:2021.12.17",trungnamtest
479450793,"2022-01-22 02:52:29.554+00",end-node1,relay-rf200,trungnam,LORA,7,125000,9.50,-101.00,921400000,1,57,16.090311,108.124995,-14.0,3.00,,,gps,"Android11 App34:2021.12.17",trungnamtest
479450810,"2022-01-22 02:52:39.58+00",end-node1,relay-rf200,trungnam,LORA,7,125000,8.30,-100.00,921400000,1,58,16.091213,108.125718,-13.0,3.00,,,gps,"Android11 App34:2021.12.17",trungnamtest
479450980,"2022-01-22 02:53:46.832+00",end-node1,relay-rf200,7276ff002e0507da,LORA,7,125000,-5.00,-107.00,921400000,1,63,16.097102,108.131968,-5.2,37.95,,,network,"Android11 App34:2021.12.17",trungnamtest
479450979,"2022-01-22 02:53:46.832+00",end-node1,relay-rf200,trungnam,LORA,7,125000,9.30,-90.00,921400000,1,63,16.097102,108.131968,-5.2,37.95,,,network,"Android11 App34:2021.12.17",trungnamtest
479451007,"2022-01-22 02:53:56.602+00",end-node1,relay-rf200,trungnam,LORA,7,125000,3.00,-111.00,921400000,1,64,16.097573,108.133333,-13.0,3.00,,,gps,"Android11 App34:2021.12.17",trungnamtest
479451008,"2022-01-22 02:53:56.602+00",end-node1,relay-rf200,7276ff002e0507da,LORA,7,125000,-5.20,-106.00,921400000,1,64,16.097573,108.133333,-13.0,3.00,,,gps,"Android11 App34:2021.12.17",trungnamtest
479451161,"2022-01-22 02:54:43.684+00",end-node1,relay-rf200,7276ff002e0507da,LORA,7,125000,1.00,-107.00,921400000,1,69,16.097364,108.136683,-7.0,3.50,,,gps,"Android11 App34:2021.12.17",trungnamtest
479451160,"2022-01-22 02:54:43.684+00",end-node1,relay-rf200,trungnam,LORA,7,125000,-3.00,-115.00,921400000,1,69,16.097364,108.136683,-7.0,3.50,,,gps,"Android11 App34:2021.12.17",trungnamtest
479451179,"2022-01-22 02:54:52.422+00",end-node1,relay-rf200,trungnam,LORA,7,125000,1.50,-112.00,921400000,1,70,16.096483,108.137160,-6.0,3.50,,,gps,"Android11 App34:2021.12.17",trungnamtest
479451282,"2022-01-22 02:55:27.745+00",end-node1,relay-rf200,7276ff002e0507da,LORA,7,125000,-5.80,-107.00,921400000,1,74,16.093323,108.140142,-4.0,3.00,,,gps,"Android11 App34:2021.12.17",trungnamtest
479451294,"2022-01-22 02:55:31.713+00",end-node1,relay-rf200,7276ff002e0507da,LORA,7,125000,-6.50,-107.00,921400000,1,0,16.092991,108.140532,-4.0,3.00,,,gps,"Android11 App34:2021.12.17",trungnamtest
479451333,"2022-01-22 02:55:52.787+00",end-node1,relay-rf200,trungnam,LORA,7,125000,-1.50,-115.00,921400000,1,2,16.091191,108.142384,-4.0,3.00,,,gps,"Android11 App34:2021.12.17",trungnamtest
479451637,"2022-01-22 02:57:41.803+00",end-node1,relay-rf200,7276ff002e0507da,LORA,7,125000,-5.50,-106.00,921400000,1,14,16.082766,108.145855,-9.0,4.00,,,gps,"Android11 App34:2021.12.17",trungnamtest
479451783,"2022-01-22 02:58:32.278+00",end-node1,relay-rf200,7276ff002e0507da,LORA,7,125000,-6.80,-106.00,921400000,1,1,16.082756,108.145856,-9.0,3.50,,,gps,"Android11 App34:2021.12.17",trungnamtest
479451833,"2022-01-22 02:58:51.255+00",end-node1,relay-rf200,7276ff002e0507da,LORA,7,125000,-6.50,-109.00,921400000,1,3,16.082756,108.145856,-9.0,5.00,,,gps,"Android11 App34:2021.12.17",trungnamtest
479451920,"2022-01-22 02:59:21.748+00",end-node1,relay-rf200,7276ff002e0507da,LORA,7,125000,-7.00,-106.00,921400000,1,0,16.082563,108.145971,-7.0,4.50,,,gps,"Android11 App34:2021.12.17",trungnamtest
479452858,"2022-01-22 03:04:59.301+00",end-node1,relay-rf200,7276ff002e0507da,LORA,7,125000,3.80,-99.00,921400000,1,34,16.069353,108.158129,2.0,2.50,,,gps,"Android11 App34:2021.12.17",trungnamtest
479453020,"2022-01-22 03:06:03.09+00",end-node1,relay-rf200,7276ff002e0507da,LORA,7,125000,1.50,-106.00,921400000,1,40,16.075420,108.162374,0.0,3.00,,,gps,"Android11 App34:2021.12.17",trungnamtest
479453178,"2022-01-22 03:07:05.215+00",end-node1,relay-rf200,trungnam,LORA,7,125000,-5.00,-119.00,921400000,1,47,16.078707,108.164688,-1.0,2.00,,,gps,"Android11 App34:2021.12.17",trungnamtest
479453357,"2022-01-22 03:08:05.094+00",end-node1,relay-rf200,trungnam,LORA,7,125000,-2.00,-115.00,921400000,1,1,16.079616,108.169609,-1.0,3.50,,,gps,"Android11 App34:2021.12.17",trungnamtest
479453477,"2022-01-22 03:08:49.97+00",end-node1,relay-rf200,trungnam,LORA,7,125000,0.80,-113.00,921400000,1,6,16.077429,108.174225,-6.0,4.00,,,gps,"Android11 App34:2021.12.17",trungnamtest
479453497,"2022-01-22 03:08:58.367+00",end-node1,relay-rf200,trungnam,LORA,7,125000,1.80,-116.00,921400000,1,7,16.077053,108.175056,-7.0,3.00,,,gps,"Android11 App34:2021.12.17",trungnamtest
479453559,"2022-01-22 03:09:24.714+00",end-node1,relay-rf200,trungnam,LORA,7,125000,-6.80,-123.00,921400000,1,10,16.076280,108.176950,-8.0,3.50,,,gps,"Android11 App34:2021.12.17",trungnamtest
479453560,"2022-01-22 03:09:24.714+00",end-node1,relay-rf200,7276ff002e0507da,LORA,7,125000,3.50,-103.00,921400000,1,10,16.076280,108.176950,-8.0,3.50,,,gps,"Android11 App34:2021.12.17",trungnamtest
479453641,"2022-01-22 03:09:49.79+00",end-node1,relay-rf200,7276ff002e0507da,LORA,7,125000,4.00,-103.00,921400000,1,13,16.075454,108.179164,-9.0,3.00,,,gps,"Android11 App34:2021.12.17",trungnamtest
479453696,"2022-01-22 03:10:07.742+00",end-node1,relay-rf200,7276ff002e0507da,LORA,7,125000,-3.20,-106.00,921400000,1,15,16.074799,108.180527,-6.0,18.49,,,network,"Android11 App34:2021.12.17",trungnamtest
479453695,"2022-01-22 03:10:07.742+00",end-node1,relay-rf200,trungnam,LORA,7,125000,1.00,-113.00,921400000,1,15,16.074799,108.180527,-6.0,18.49,,,network,"Android11 App34:2021.12.17",trungnamtest
479453718,"2022-01-22 03:10:16.476+00",end-node1,relay-rf200,7276ff002e0507da,LORA,7,125000,3.00,-100.00,921400000,1,16,16.074600,108.181519,-7.0,3.00,,,gps,"Android11 App34:2021.12.17",trungnamtest
479453717,"2022-01-22 03:10:16.476+00",end-node1,relay-rf200,trungnam,LORA,7,125000,0.80,-112.00,921400000,1,16,16.074600,108.181519,-7.0,3.00,,,gps,"Android11 App34:2021.12.17",trungnamtest
479453924,"2022-01-22 03:11:28.379+00",end-node1,relay-rf200,7276ff002e0507da,LORA,7,125000,4.20,-103.00,921400000,1,24,16.072894,108.189592,-10.0,3.00,,,gps,"Android11 App34:2021.12.17",trungnamtest
479454002,"2022-01-22 03:11:55.156+00",end-node1,relay-rf200,trungnam,LORA,7,125000,1.50,-113.00,921400000,1,27,16.072671,108.190811,-10.0,3.00,,,gps,"Android11 App34:2021.12.17",trungnamtest
479454003,"2022-01-22 03:11:55.156+00",end-node1,relay-rf200,7276ff002e0507da,LORA,7,125000,7.20,-99.00,921400000,1,27,16.072671,108.190811,-10.0,3.00,,,gps,"Android11 App34:2021.12.17",trungnamtest
479454266,"2022-01-22 03:13:36.111+00",end-node1,relay-rf200,7276ff002e0507da,LORA,7,125000,-2.50,-105.00,921400000,1,37,16.072278,108.195468,-4.0,3.00,,,gps,"Android11 App34:2021.12.17",trungnamtest
479454265,"2022-01-22 03:13:36.111+00",end-node1,relay-rf200,trungnam,LORA,7,125000,-5.30,-119.00,921400000,1,37,16.072278,108.195468,-4.0,3.00,,,gps,"Android11 App34:2021.12.17",trungnamtest
479454297,"2022-01-22 03:13:53.801+00",end-node1,relay-rf200,trungnam,LORA,7,125000,-3.00,-117.00,921400000,1,39,16.072417,108.197695,-3.0,2.50,,,gps,"Android11 App34:2021.12.17",trungnamtest
479454328,"2022-01-22 03:14:02.401+00",end-node1,relay-rf200,7276ff002e0507da,LORA,7,125000,3.80,-105.00,921400000,1,40,16.072597,108.198856,-5.0,3.00,,,gps,"Android11 App34:2021.12.17",trungnamtest
479454432,"2022-01-22 03:14:39.767+00",end-node1,relay-rf200,trungnam,LORA,7,125000,-5.00,-121.00,921400000,1,44,16.073056,108.200797,-5.0,3.00,,,gps,"Android11 App34:2021.12.17",trungnamtest
479454740,"2022-01-22 03:16:55.904+00",end-node1,relay-rf200,trungnam,LORA,7,125000,-7.30,-123.00,921400000,1,58,16.080206,108.210942,-18.0,3.50,,,gps,"Android11 App34:2021.12.17",trungnamtest
479454823,"2022-01-22 03:17:13.364+00",end-node1,relay-rf200,trungnam,LORA,7,125000,-1.00,-114.00,921400000,1,60,16.080203,108.210946,-19.0,2.50,,,gps,"Android11 App34:2021.12.17",trungnamtest
479454915,"2022-01-22 03:17:44.572+00",end-node1,relay-rf200,7276ff002e0507da,LORA,7,125000,-3.00,-105.00,921400000,1,0,16.081704,108.212171,-13.0,2.50,,,gps,"Android11 App34:2021.12.17",trungnamtest
479454914,"2022-01-22 03:17:44.572+00",end-node1,relay-rf200,trungnam,LORA,7,125000,-2.50,-114.00,921400000,1,0,16.081704,108.212171,-13.0,2.50,,,gps,"Android11 App34:2021.12.17",trungnamtest
479454972,"2022-01-22 03:18:15.066+00",end-node1,relay-rf200,trungnam,LORA,7,125000,1.50,-112.00,921400000,1,1,16.084720,108.213869,-12.0,3.00,,,gps,"Android11 App34:2021.12.17",trungnamtest
479454973,"2022-01-22 03:18:15.066+00",end-node1,relay-rf200,7276ff002e0507da,LORA,7,125000,-0.50,-101.00,921400000,1,1,16.084720,108.213869,-12.0,3.00,,,gps,"Android11 App34:2021.12.17",trungnamtest
479455003,"2022-01-22 03:18:23.217+00",end-node1,relay-rf200,trungnam,LORA,7,125000,4.80,-112.00,921400000,1,2,16.085677,108.214303,-12.0,3.00,,,gps,"Android11 App34:2021.12.17",trungnamtest
479455067,"2022-01-22 03:18:49.923+00",end-node1,relay-rf200,trungnam,LORA,7,125000,0.00,-114.00,921400000,1,5,16.088104,108.215223,-12.0,3.50,,,gps,"Android11 App34:2021.12.17",trungnamtest
479455081,"2022-01-22 03:18:58.407+00",end-node1,relay-rf200,trungnam,LORA,7,125000,-1.50,-114.00,921400000,1,6,16.088966,108.215119,-13.0,3.50,,,gps,"Android11 App34:2021.12.17",trungnamtest
479455134,"2022-01-22 03:19:06.902+00",end-node1,relay-rf200,trungnam,LORA,7,125000,4.50,-104.00,921400000,1,7,16.089948,108.215058,-13.0,3.00,,,gps,"Android11 App34:2021.12.17",trungnamtest
479455163,"2022-01-22 03:19:15.53+00",end-node1,relay-rf200,trungnam,LORA,7,125000,8.50,-101.00,921400000,1,8,16.090989,108.215032,-9.0,3.00,,,gps,"Android11 App34:2021.12.17",trungnamtest
479455386,"2022-01-22 03:20:48.674+00",end-node1,relay-rf200,trungnam,LORA,7,125000,4.50,-106.00,921400000,1,5,16.096544,108.223359,18.0,2.50,,,gps,"Android11 App34:2021.12.17",trungnamtest
479455387,"2022-01-22 03:20:48.674+00",end-node1,relay-rf200,7276ff002e0507da,LORA,7,125000,2.50,-103.00,921400000,1,5,16.096544,108.223359,18.0,2.50,,,gps,"Android11 App34:2021.12.17",trungnamtest
479455951,"2022-01-22 03:24:20.687+00",end-node1,relay-rf200,trungnam,LORA,7,125000,6.30,-107.00,921400000,1,9,16.097793,108.225260,-14.0,3.50,,,gps,"Android11 App34:2021.12.17",trungnamtest
479455962,"2022-01-22 03:24:29.93+00",end-node1,relay-rf200,trungnam,LORA,7,125000,6.50,-107.00,921400000,1,10,16.097926,108.224844,-7.5,24.16,,,network,"Android11 App34:2021.12.17",trungnamtest
479456070,"2022-01-22 03:25:15.764+00",end-node1,relay-rf200,trungnam,LORA,7,125000,4.80,-110.00,921400000,1,2,16.094019,108.224963,-15.0,3.00,,,gps,"Android11 App34:2021.12.17",trungnamtest
479456085,"2022-01-22 03:25:24.365+00",end-node1,relay-rf200,trungnam,LORA,7,125000,3.00,-106.00,921400000,1,3,16.093112,108.225311,-15.0,3.00,,,gps,"Android11 App34:2021.12.17",trungnamtest
479456156,"2022-01-22 03:25:52.184+00",end-node1,relay-rf200,trungnam,LORA,7,125000,-1.50,-116.00,921400000,1,6,16.090278,108.226985,-15.0,3.50,,,gps,"Android11 App34:2021.12.17",trungnamtest
479456157,"2022-01-22 03:25:52.184+00",end-node1,relay-rf200,7276ff002e0507da,LORA,7,125000,2.00,-97.00,921400000,1,6,16.090278,108.226985,-15.0,3.50,,,gps,"Android11 App34:2021.12.17",trungnamtest
479456260,"2022-01-22 03:26:33.497+00",end-node1,relay-rf200,7276ff002e0507da,LORA,7,125000,7.80,-97.00,921400000,1,0,16.087079,108.228890,-13.0,2.50,,,gps,"Android11 App34:2021.12.17",trungnamtest
479456276,"2022-01-22 03:26:41.511+00",end-node1,relay-rf200,7276ff002e0507da,LORA,7,125000,0.50,-100.00,921400000,1,1,16.086208,108.228858,-13.0,3.00,,,gps,"Android11 App34:2021.12.17",trungnamtest
479456275,"2022-01-22 03:26:41.511+00",end-node1,relay-rf200,trungnam,LORA,7,125000,-5.80,-119.00,921400000,1,1,16.086208,108.228858,-13.0,3.00,,,gps,"Android11 App34:2021.12.17",trungnamtest
479456412,"2022-01-22 03:27:31.312+00",end-node1,relay-rf200,7276ff002e0507da,LORA,7,125000,3.80,-100.00,921400000,1,2,16.080609,108.228911,-12.0,2.50,,,gps,"Android11 App34:2021.12.17",trungnamtest
479456441,"2022-01-22 03:27:52.016+00",end-node1,relay-rf200,trungnam,LORA,7,125000,-5.80,-122.00,921400000,1,1,16.078144,108.228877,-17.0,4.00,,,gps,"Android11 App34:2021.12.17",trungnamtest
479456499,"2022-01-22 03:28:11.065+00",end-node1,relay-rf200,trungnam,LORA,7,125000,0.80,-113.00,921400000,1,3,16.075915,108.228882,-21.0,3.00,,,gps,"Android11 App34:2021.12.17",trungnamtest
479456548,"2022-01-22 03:28:28.65+00",end-node1,relay-rf200,7276ff002e0507da,LORA,7,125000,6.80,-100.00,921400000,1,5,16.073998,108.228916,-17.0,3.00,,,gps,"Android11 App34:2021.12.17",trungnamtest
479456547,"2022-01-22 03:28:28.65+00",end-node1,relay-rf200,trungnam,LORA,7,125000,1.30,-111.00,921400000,1,5,16.073998,108.228916,-17.0,3.00,,,gps,"Android11 App34:2021.12.17",trungnamtest
479456597,"2022-01-22 03:28:47.078+00",end-node1,relay-rf200,trungnam,LORA,7,125000,2.30,-113.00,921400000,1,7,16.072137,108.228891,-15.0,5.00,,,gps,"Android11 App34:2021.12.17",trungnamtest
479456711,"2022-01-22 03:29:33.395+00",end-node1,relay-rf200,trungnam,LORA,7,125000,-0.30,-114.00,921400000,1,12,16.067710,108.229179,-14.0,3.50,,,gps,"Android11 App34:2021.12.17",trungnamtest
479456725,"2022-01-22 03:29:41.58+00",end-node1,relay-rf200,7276ff002e0507da,LORA,7,125000,8.20,-93.00,921400000,1,13,16.066798,108.229428,-17.0,3.50,,,gps,"Android11 App34:2021.12.17",trungnamtest
479456897,"2022-01-22 03:30:26.356+00",end-node1,relay-rf200,7276ff002e0507da,LORA,7,125000,0.20,-107.00,921400000,1,0,16.061693,108.230275,-14.0,3.00,,,gps,"Android11 App34:2021.12.17",trungnamtest
479457000,"2022-01-22 03:31:14.057+00",end-node1,relay-rf200,trungnam,LORA,7,125000,-7.50,-124.00,921400000,1,0,16.056853,108.231260,-13.0,3.50,,,gps,"Android11 App34:2021.12.17",trungnamtest
479457112,"2022-01-22 03:31:56.277+00",end-node1,relay-rf200,7276ff002e0507da,LORA,7,125000,-5.20,-106.00,921400000,1,0,16.054148,108.232718,-16.0,3.50,,,gps,"Android11 App34:2021.12.17",trungnamtest
479457314,"2022-01-22 03:33:07.867+00",end-node1,relay-rf200,7276ff002e0507da,LORA,7,125000,1.50,-105.00,921400000,1,8,16.046095,108.235310,-11.0,2.50,,,gps,"Android11 App34:2021.12.17",trungnamtest
479457572,"2022-01-22 03:34:44.835+00",end-node1,relay-rf200,7276ff002e0507da,LORA,7,125000,0.80,-104.00,921400000,1,0,16.034599,108.238055,-18.0,2.50,,,gps,"Android11 App34:2021.12.17",trungnamtest
479457582,"2022-01-22 03:34:52.986+00",end-node1,relay-rf200,7276ff002e0507da,LORA,7,125000,-2.20,-106.00,921400000,1,1,16.033788,108.238124,-18.0,3.00,,,gps,"Android11 App34:2021.12.17",trungnamtest
479457687,"2022-01-22 03:35:28.024+00",end-node1,relay-rf200,7276ff002e0507da,LORA,7,125000,7.20,-93.00,921400000,1,5,16.030574,108.237283,-15.0,3.50,,,gps,"Android11 App34:2021.12.17",trungnamtest
479457977,"2022-01-22 03:37:04.167+00",end-node1,relay-rf200,7276ff002e0507da,LORA,7,125000,-6.00,-106.00,921400000,1,0,16.029912,108.242478,-11.0,3.50,,,gps,"Android11 App34:2021.12.17",trungnamtest
479457986,"2022-01-22 03:37:12.448+00",end-node1,relay-rf200,7276ff002e0507da,LORA,7,125000,-2.80,-105.00,921400000,1,1,16.030203,108.243097,-7.0,2.00,,,gps,"Android11 App34:2021.12.17",trungnamtest
479458382,"2022-01-22 03:39:53.48+00",end-node1,relay-rf200,7276ff002e0507da,LORA,7,125000,7.00,-99.00,921400000,1,15,16.037904,108.243261,-19.0,3.50,,,gps,"Android11 App34:2021.12.17",trungnamtest
479458470,"2022-01-22 03:40:20.205+00",end-node1,relay-rf200,7276ff002e0507da,LORA,7,125000,-0.80,-105.00,921400000,1,18,16.037904,108.243261,-19.0,3.50,,,gps,"Android11 App34:2021.12.17",trungnamtest
479458511,"2022-01-22 03:40:38.102+00",end-node1,relay-rf200,7276ff002e0507da,LORA,7,125000,3.20,-102.00,921400000,1,20,16.037897,108.243256,-19.0,4.50,,,gps,"Android11 App34:2021.12.17",trungnamtest
479458587,"2022-01-22 03:41:12.435+00",end-node1,relay-rf200,7276ff002e0507da,LORA,7,125000,0.00,-104.00,921400000,1,24,16.037207,108.241426,-8.0,2.50,,,gps,"Android11 App34:2021.12.17",trungnamtest
479459002,"2022-01-22 03:43:45.719+00",end-node1,relay-rf200,7276ff002e0507da,LORA,7,125000,1.20,-104.00,921400000,1,40,16.033510,108.226194,-16.0,3.00,,,gps,"Android11 App34:2021.12.17",trungnamtest
479459051,"2022-01-22 03:44:04.338+00",end-node1,relay-rf200,7276ff002e0507da,LORA,7,125000,-0.80,-105.00,921400000,1,42,16.033409,108.225644,-15.0,4.50,,,gps,"Android11 App34:2021.12.17",trungnamtest
479459298,"2022-01-22 03:45:37.775+00",end-node1,relay-rf200,7276ff002e0507da,LORA,7,125000,0.20,-104.00,921400000,1,51,16.033297,108.225283,-11.0,3.50,,,gps,"Android11 App34:2021.12.17",trungnamtest
479459357,"2022-01-22 03:46:03.583+00",end-node1,relay-rf200,7276ff002e0507da,LORA,7,125000,1.80,-106.00,921400000,1,54,16.033027,108.223909,-10.0,3.00,,,gps,"Android11 App34:2021.12.17",trungnamtest
479459493,"2022-01-22 03:46:39.119+00",end-node1,relay-rf200,trungnam,LORA,7,125000,-6.80,-121.00,921400000,1,58,16.032943,108.223046,-7.0,3.00,,,gps,"Android11 App34:2021.12.17",trungnamtest
479459722,"2022-01-22 03:48:13.377+00",end-node1,relay-rf200,7276ff002e0507da,LORA,7,125000,-3.80,-107.00,921400000,1,66,16.032286,108.217221,-9.0,3.00,,,gps,"Android11 App34:2021.12.17",trungnamtest
479459884,"2022-01-22 03:49:07.457+00",end-node1,relay-rf200,7276ff002e0507da,LORA,7,125000,-6.50,-105.00,921400000,1,72,16.031725,108.212747,-10.0,3.00,,,gps,"Android11 App34:2021.12.17",trungnamtest
479460343,"2022-01-22 03:52:00.645+00",end-node1,relay-rf200,7276ff002e0507da,LORA,7,125000,-6.50,-106.00,921400000,1,87,16.023195,108.203500,-8.0,3.00,,,gps,"Android11 App34:2021.12.17",trungnamtest
479460677,"2022-01-22 03:54:14.869+00",end-node1,relay-rf200,7276ff002e0507da,LORA,7,125000,-3.50,-106.00,921400000,1,93,16.021536,108.193679,-8.0,3.00,,,gps,"Android11 App34:2021.12.17",trungnamtest
479460721,"2022-01-22 03:54:33.784+00",end-node1,relay-rf200,7276ff002e0507da,LORA,7,125000,7.50,-103.00,921400000,1,95,16.023243,108.192520,-11.0,3.00,,,gps,"Android11 App34:2021.12.17",trungnamtest
479460785,"2022-01-22 03:55:00.575+00",end-node1,relay-rf200,7276ff002e0507da,LORA,7,125000,0.50,-105.00,921400000,1,98,16.025871,108.190613,0.9,21.54,,,network,"Android11 App34:2021.12.17",trungnamtest
479461239,"2022-01-22 03:58:07.007+00",end-node1,relay-rf200,7276ff002e0507da,LORA,7,125000,2.80,-104.00,921400000,1,102,16.038317,108.186793,-14.0,3.00,,,gps,"Android11 App34:2021.12.17",trungnamtest
479461392,"2022-01-22 03:58:53.153+00",end-node1,relay-rf200,7276ff002e0507da,LORA,7,125000,-1.50,-106.00,921400000,1,107,16.042732,108.185307,-8.0,3.00,,,gps,"Android11 App34:2021.12.17",trungnamtest
479461411,"2022-01-22 03:59:01.556+00",end-node1,relay-rf200,7276ff002e0507da,LORA,7,125000,0.80,-107.00,921400000,1,108,16.043564,108.185053,-7.0,2.50,,,gps,"Android11 App34:2021.12.17",trungnamtest
479461462,"2022-01-22 03:59:29.918+00",end-node1,relay-rf200,7276ff002e0507da,LORA,7,125000,-3.80,-106.00,921400000,1,111,16.045720,108.184324,-9.0,3.00,,,gps,"Android11 App34:2021.12.17",trungnamtest
479461511,"2022-01-22 03:59:49.685+00",end-node1,relay-rf200,7276ff002e0507da,LORA,7,125000,-7.50,-107.00,921400000,1,113,16.045741,108.184317,-9.0,3.00,,,gps,"Android11 App34:2021.12.17",trungnamtest
479462017,"2022-01-22 04:03:17.004+00",end-node1,relay-rf200,7276ff002e0507da,LORA,7,125000,6.20,-102.00,921400000,1,0,16.062525,108.179191,-9.0,4.00,,,gps,"Android11 App34:2021.12.17",trungnamtest
479462070,"2022-01-22 04:03:38.225+00",end-node1,relay-rf200,trungnam,LORA,7,125000,0.30,-113.00,921400000,1,2,16.062112,108.178236,-7.0,3.50,,,gps,"Android11 App34:2021.12.17",trungnamtest
479462172,"2022-01-22 04:04:14.085+00",end-node1,relay-rf200,trungnam,LORA,7,125000,-1.80,-118.00,921400000,1,6,16.060180,108.176052,-13.0,3.00,,,gps,"Android11 App34:2021.12.17",trungnamtest
479462203,"2022-01-22 04:04:32.076+00",end-node1,relay-rf200,7276ff002e0507da,LORA,7,125000,2.80,-102.00,921400000,1,8,16.059933,108.175632,-14.0,3.50,,,gps,"Android11 App34:2021.12.17",trungnamtest
479462219,"2022-01-22 04:04:41.301+00",end-node1,relay-rf200,7276ff002e0507da,LORA,7,125000,0.00,-108.00,921400000,1,9,16.059775,108.175373,-14.0,3.00,,,gps,"Android11 App34:2021.12.17",trungnamtest
479462252,"2022-01-22 04:04:50.653+00",end-node1,relay-rf200,7276ff002e0507da,LORA,7,125000,0.20,-104.00,921400000,1,10,16.059463,108.174977,-15.0,3.00,,,gps,"Android11 App34:2021.12.17",trungnamtest
479462486,"2022-01-22 04:06:20.399+00",end-node1,relay-rf200,7276ff002e0507da,LORA,7,125000,-0.20,-106.00,921400000,1,20,16.057696,108.172467,-16.0,3.50,,,gps,"Android11 App34:2021.12.17",trungnamtest
479462586,"2022-01-22 04:07:07.28+00",end-node1,relay-rf200,7276ff002e0507da,LORA,7,125000,-4.50,-108.00,921400000,1,25,16.056275,108.168989,-16.0,4.00,,,gps,"Android11 App34:2021.12.17",trungnamtest
479462613,"2022-01-22 04:07:17.028+00",end-node1,relay-rf200,7276ff002e0507da,LORA,7,125000,-5.50,-108.00,921400000,1,26,16.056520,108.167949,-16.0,3.00,,,gps,"Android11 App34:2021.12.17",trungnamtest
479462647,"2022-01-22 04:07:26.181+00",end-node1,relay-rf200,7276ff002e0507da,LORA,7,125000,-6.20,-106.00,921400000,1,27,16.056858,108.167365,-15.0,3.00,,,gps,"Android11 App34:2021.12.17",trungnamtest
479462927,"2022-01-22 04:09:14.572+00",end-node1,relay-rf200,7276ff002e0507da,LORA,7,125000,-7.00,-109.00,921400000,1,0,16.061671,108.160768,-13.0,3.00,,,gps,"Android11 App34:2021.12.17",trungnamtest
479463257,"2022-01-22 04:11:29.426+00",end-node1,relay-rf200,7276ff002e0507da,LORA,7,125000,-6.80,-101.00,921400000,1,15,16.068913,108.151752,-9.0,3.00,,,gps,"Android11 App34:2021.12.17",trungnamtest
479463463,"2022-01-22 04:12:51.827+00",end-node1,relay-rf200,7276ff002e0507da,LORA,7,125000,-1.80,-106.00,921400000,1,24,16.075509,108.149020,-8.0,3.00,,,gps,"Android11 App34:2021.12.17",trungnamtest
479463462,"2022-01-22 04:12:51.827+00",end-node1,relay-rf200,trungnam,LORA,7,125000,-6.30,-120.00,921400000,1,24,16.075509,108.149020,-8.0,3.00,,,gps,"Android11 App34:2021.12.17",trungnamtest
479463566,"2022-01-22 04:13:36.983+00",end-node1,relay-rf200,7276ff002e0507da,LORA,7,125000,-2.50,-104.00,921400000,1,29,16.078954,108.147612,-11.0,2.50,,,gps,"Android11 App34:2021.12.17",trungnamtest
479463615,"2022-01-22 04:13:54.15+00",end-node1,relay-rf200,7276ff002e0507da,LORA,7,125000,4.80,-97.00,921400000,1,31,16.080456,108.147004,-10.0,3.00,,,gps,"Android11 App34:2021.12.17",trungnamtest
479463731,"2022-01-22 04:14:39.657+00",end-node1,relay-rf200,7276ff002e0507da,LORA,7,125000,1.00,-105.00,921400000,1,36,16.083551,108.145716,-8.0,3.50,,,gps,"Android11 App34:2021.12.17",trungnamtest
479463845,"2022-01-22 04:15:26.493+00",end-node1,relay-rf200,trungnam,LORA,7,125000,-7.00,-123.00,921400000,1,40,16.087078,108.144371,-8.0,3.00,,,gps,"Android11 App34:2021.12.17",trungnamtest
479463929,"2022-01-22 04:15:45.496+00",end-node1,relay-rf200,trungnam,LORA,7,125000,-0.50,-117.00,921400000,1,42,16.087767,108.145299,-10.0,3.00,,,gps,"Android11 App34:2021.12.17",trungnamtest
479463941,"2022-01-22 04:15:54.213+00",end-node1,relay-rf200,trungnam,LORA,7,125000,-6.80,-121.00,921400000,1,43,16.088058,108.145662,-11.0,3.50,,,gps,"Android11 App34:2021.12.17",trungnamtest
479463958,"2022-01-22 04:16:02.671+00",end-node1,relay-rf200,7276ff002e0507da,LORA,7,125000,-5.50,-108.00,921400000,1,44,16.088151,108.145801,-11.0,3.50,,,gps,"Android11 App34:2021.12.17",trungnamtest
479463969,"2022-01-22 04:16:11.678+00",end-node1,relay-rf200,trungnam,LORA,7,125000,0.00,-113.00,921400000,1,45,16.088222,108.145892,-9.0,3.50,,,gps,"Android11 App34:2021.12.17",trungnamtest
479463970,"2022-01-22 04:16:11.678+00",end-node1,relay-rf200,7276ff002e0507da,LORA,7,125000,-0.20,-104.00,921400000,1,45,16.088222,108.145892,-9.0,3.50,,,gps,"Android11 App34:2021.12.17",trungnamtest
512351891,"2022-05-08 00:44:47.637+00",endnode2,watermeasurement,trungnam,LORA,7,125000,3.50,-112.00,922000000,1,60,16.106215,108.132308,8.0,7.00,,,gps,"Android11 App34:2021.12.17",trungnamtest
512352153,"2022-05-08 00:45:57.66+00",endnode2,watermeasurement,trungnam,LORA,7,125000,8.00,-100.00,922000000,1,65,16.112070,108.129156,-5.0,3.00,,,gps,"Android11 App34:2021.12.17",trungnamtest
512352610,"2022-05-08 00:47:39.865+00",endnode2,watermeasurement,trungnam,LORA,7,125000,-6.30,-119.00,922000000,1,72,16.121084,108.123025,-11.0,4.50,,,gps,"Android11 App34:2021.12.17",trungnamtest
512353940,"2022-05-08 00:52:54.605+00",endnode2,watermeasurement,trungnam,LORA,7,125000,-7.50,-124.00,922600000,1,0,16.143386,108.127088,-6.0,4.00,,,gps,"Android11 App34:2021.12.17",trungnamtest
512423951,"2022-05-08 07:54:24.16+00",endnode2,watermeasurement,danangdrt,LORA,7,125000,-1.30,-115.00,922400000,1,122,16.076043,108.220259,-5.5,37.80,,,network,"Android11 App34:2021.12.17",trungnamtest

Number of rows dumped: 420